path,album,obverse_reverse,mintmark,mosquito_bite,splenter,ant_bite,phantom_stage,mast_marks,mast_mark_intersection,elbow_bonnet_face_cracks,clash,pidt,strikethrough,chips,cracks_other,flow_lines,die_group,confidence,image_quality,notes
photos/first500/first500-001.jpg,first500,obverse,unknown,n/a,n/a,n/a,n/a,n/a,n/a,n/a,absent,absent,absent,absent,uncertain,absent,unattributed,medium,fair,Mercury dime 1944 obverse close-up; wavy cheek marks unclear; not Mayflower quarter
photos/first500/first500-002.jpg,first500,obverse,unknown,n/a,n/a,n/a,n/a,n/a,n/a,n/a,absent,absent,absent,absent,uncertain,absent,unattributed,medium,fair,Mercury dime 1944 obverse close-up repeat; wavy cheek marks unclear; not Mayflower quarter
photos/first500/first500-003.jpg,first500,obverse,unknown,n/a,n/a,n/a,n/a,n/a,n/a,n/a,absent,absent,absent,absent,absent,absent,unattributed,medium,fair,Mercury dime 1944 full obverse; not Mayflower quarter
photos/first500/first500-004.jpg,first500,obverse,unknown,n/a,n/a,n/a,n/a,n/a,n/a,n/a,absent,absent,absent,absent,absent,absent,unattributed,medium,fair,Mercury dime 1944 full obverse repeat view; not Mayflower quarter
photos/first500/first500-005.jpg,first500,reverse,unknown,n/a,n/a,n/a,n/a,n/a,n/a,n/a,absent,absent,absent,absent,absent,absent,unattributed,medium,fair,Mercury dime full reverse fasces; not Mayflower quarter
photos/first500/first500-006.jpg,first500,reverse,unknown,n/a,n/a,n/a,n/a,n/a,n/a,n/a,absent,absent,absent,absent,absent,absent,unattributed,medium,fair,Mercury dime reverse fasces close-up; not Mayflower quarter
photos/first500/first500-007.jpg,first500,reverse,unknown,n/a,n/a,n/a,n/a,n/a,n/a,n/a,absent,absent,absent,absent,absent,absent,unattributed,medium,fair,Mercury dime reverse fasces close-up variant; not Mayflower quarter
photos/first500/first500-008.jpg,first500,reverse,unknown,n/a,n/a,n/a,n/a,n/a,n/a,n/a,absent,absent,absent,absent,absent,absent,unattributed,medium,fair,Mercury dime reverse legend close-up; two dark spots in field; not Mayflower quarter
photos/first500/first500-009.jpg,first500,reverse,unknown,n/a,n/a,n/a,n/a,n/a,n/a,n/a,absent,absent,absent,absent,absent,absent,unattributed,medium,fair,Mercury dime reverse E PLURIBUS UNUM close-up; not Mayflower quarter
photos/first500/first500-010.jpg,first500,reverse,unknown,n/a,n/a,n/a,n/a,n/a,n/a,n/a,absent,absent,absent,absent,absent,absent,unattributed,medium,fair,Mercury dime reverse rim OF AMERICA close-up; not Mayflower quarter
photos/first500/first500-011.jpg,first500,reverse,unknown,n/a,n/a,n/a,n/a,n/a,n/a,n/a,absent,absent,absent,absent,absent,absent,unattributed,medium,fair,Mercury dime reverse left rim close-up; not Mayflower quarter
photos/first500/first500-012.jpg,first500,obverse,unknown,n/a,n/a,n/a,n/a,n/a,n/a,n/a,absent,absent,absent,absent,absent,absent,unattributed,medium,fair,Mercury dime obverse date 1944 area close-up; not Mayflower quarter
photos/first500/first500-013.jpg,first500,obverse,unknown,n/a,n/a,n/a,n/a,n/a,n/a,n/a,absent,absent,absent,absent,absent,absent,unattributed,medium,fair,Mercury dime obverse IN GOD WE TRUST close-up; not Mayflower quarter
photos/first500/first500-014.jpg,first500,obverse,unknown,n/a,n/a,n/a,n/a,n/a,n/a,n/a,absent,absent,absent,absent,absent,absent,unattributed,medium,fair,Mercury dime obverse motto close-up variant; not Mayflower quarter
photos/first500/first500-015.jpg,first500,obverse,unknown,n/a,n/a,n/a,n/a,n/a,n/a,n/a,absent,absent,absent,absent,absent,absent,unattributed,medium,fair,Mercury dime obverse LIBERTY rim close-up; not Mayflower quarter
photos/first500/first500-016.jpg,first500,obverse,unknown,n/a,n/a,n/a,n/a,n/a,n/a,n/a,absent,absent,absent,absent,absent,absent,unattributed,medium,fair,Mercury dime obverse wing LIBERTY close-up; not Mayflower quarter
photos/first500/first500-017.jpg,first500,obverse,unknown,n/a,n/a,n/a,n/a,n/a,n/a,n/a,absent,absent,absent,absent,absent,absent,unattributed,medium,fair,Mercury dime obverse face close-up; not Mayflower quarter
photos/first500/first500-018.jpg,first500,non_coin,none,n/a,n/a,n/a,n/a,n/a,n/a,n/a,n/a,n/a,n/a,n/a,n/a,n/a,unattributed,low,poor,Microscope screen photo of dime obverse motto; not Mayflower quarter
photos/first500/first500-019.jpg,first500,obverse,unknown,n/a,n/a,n/a,n/a,n/a,n/a,n/a,absent,absent,absent,absent,absent,absent,unattributed,medium,fair,Bicentennial quarter obverse 1776-1976; not Mayflower quarter
photos/first500/first500-020.jpg,first500,reverse,unknown,n/a,n/a,n/a,n/a,n/a,n/a,n/a,absent,absent,absent,absent,absent,absent,unattributed,medium,fair,Bicentennial quarter reverse drummer boy; not Mayflower quarter
photos/first500/first500-021.jpg,first500,obverse,unknown,n/a,n/a,n/a,n/a,n/a,n/a,n/a,absent,absent,absent,absent,absent,absent,unattributed,medium,fair,Bicentennial quarter obverse 1776-1976 variant view; not Mayflower quarter
photos/first500/first500-022.jpg,first500,obverse,unknown,n/a,n/a,n/a,n/a,n/a,n/a,n/a,absent,absent,absent,absent,absent,absent,unattributed,medium,fair,Bicentennial quarter obverse another view; not Mayflower quarter
photos/first500/first500-023.jpg,first500,obverse,unknown,n/a,n/a,n/a,n/a,n/a,n/a,n/a,absent,absent,absent,absent,absent,absent,unattributed,low,fair,Unidentified two-figure token or medal E PLURIBUS UNUM; not Mayflower quarter
photos/first500/first500-024.jpg,first500,reverse,unknown,n/a,n/a,n/a,none,uncertain,uncertain,n/a,absent,absent,absent,absent,absent,absent,unattributed,low,fair,Mayflower ship reverse full view; phantom and mast areas too small to assess
photos/first500/first500-025.jpg,first500,reverse,unknown,n/a,n/a,n/a,none,uncertain,uncertain,n/a,absent,absent,absent,absent,absent,absent,unattributed,low,fair,Mayflower ship reverse full view repeat; phantom and mast areas too small to assess
photos/first500/first500-026.mp4,first500,obverse,unknown,uncertain,uncertain,uncertain,n/a,n/a,n/a,uncertain,absent,absent,absent,absent,absent,absent,unattributed,low,fair,video frame; Mayflower obverse hand/arm close-up; marker region out of frame
photos/first500/first500-027.jpg,first500,obverse,unknown,uncertain,uncertain,uncertain,n/a,n/a,n/a,uncertain,absent,absent,absent,absent,absent,absent,unattributed,low,poor,Mayflower obverse man and woman dark shot; markers unassessable
photos/first500/first500-028.mp4,first500,obverse,unknown,uncertain,uncertain,uncertain,n/a,n/a,n/a,uncertain,absent,absent,absent,absent,absent,absent,unattributed,low,poor,video frame; Mayflower obverse dark close-up; markers unassessable
photos/first500/first500-029.mp4,first500,obverse,unknown,uncertain,uncertain,uncertain,n/a,n/a,n/a,uncertain,absent,absent,absent,absent,absent,absent,unattributed,low,poor,video frame; Mayflower obverse dark close-up variant; markers unassessable
photos/first500/first500-030.mp4,first500,obverse,unknown,uncertain,uncertain,uncertain,n/a,n/a,n/a,uncertain,absent,absent,absent,absent,absent,absent,unattributed,low,fair,video frame; Mayflower obverse man and lady; marker region partly visible but unclear
photos/first500/first500-031.mp4,first500,obverse,unknown,uncertain,uncertain,uncertain,n/a,n/a,n/a,uncertain,absent,absent,absent,absent,absent,absent,unattributed,low,fair,video frame; Mayflower obverse man and lady; marker region partly visible but unclear
photos/first500/first500-032.jpg,first500,obverse,unknown,uncertain,uncertain,uncertain,n/a,n/a,n/a,uncertain,absent,absent,absent,absent,absent,absent,unattributed,low,fair,Mayflower obverse hat and face close-up; marker region out of frame
photos/first500/first500-033.jpg,first500,obverse,unknown,uncertain,uncertain,uncertain,n/a,n/a,n/a,uncertain,absent,absent,absent,absent,absent,absent,unattributed,low,fair,Mayflower obverse hat and face close-up variant; marker region out of frame
photos/first500/first500-034.mp4,first500,obverse,unknown,uncertain,uncertain,uncertain,n/a,n/a,n/a,uncertain,absent,absent,absent,absent,absent,absent,unattributed,low,fair,video frame; Mayflower obverse hand/arm close-up; possible dot ambiguous; not clearly mosquito bite
photos/first500/first500-035.jpg,first500,obverse,unknown,uncertain,uncertain,uncertain,n/a,n/a,n/a,uncertain,absent,absent,absent,absent,absent,absent,unattributed,low,fair,Mayflower obverse arm and drapery close-up; ambiguous dot on arm; uncertain mosquito bite
photos/first500/first500-036.jpg,first500,obverse,unknown,uncertain,uncertain,uncertain,n/a,n/a,n/a,uncertain,absent,absent,absent,absent,absent,absent,unattributed,low,fair,Mayflower obverse arm and drapery close-up variant; ambiguous dot; uncertain mosquito bite
photos/first500/first500-037.jpg,first500,obverse,unknown,uncertain,uncertain,uncertain,n/a,n/a,n/a,uncertain,absent,absent,absent,absent,absent,absent,unattributed,low,fair,Mayflower obverse arm and drapery close-up repeat; ambiguous dot; uncertain mosquito bite
photos/first500/first500-038.jpg,first500,reverse,unknown,n/a,n/a,n/a,none,uncertain,uncertain,n/a,absent,absent,absent,absent,uncertain,absent,unattributed,low,fair,Mayflower reverse rim close-up; two raised linear marks unclear; mast region out of frame
photos/first500/first500-039.mp4,first500,reverse,unknown,n/a,n/a,n/a,none,uncertain,uncertain,n/a,absent,absent,absent,absent,uncertain,absent,unattributed,low,poor,video frame; Mayflower reverse rim close-up; two raised linear marks unclear; mast region out of frame
photos/first500/first500-040.jpg,first500,reverse,unknown,n/a,n/a,n/a,none,uncertain,uncertain,n/a,absent,absent,absent,absent,absent,present,unattributed,medium,fair,sail rigging closeup; no phantom at mast front in crop
photos/first500/first500-041.jpg,first500,reverse,unknown,n/a,n/a,n/a,none,uncertain,uncertain,n/a,absent,absent,absent,absent,absent,present,unattributed,medium,fair,sail rigging closeup; no phantom at mast front in crop
photos/first500/first500-042.jpg,first500,obverse,unknown,uncertain,uncertain,uncertain,n/a,n/a,n/a,uncertain,uncertain,uncertain,uncertain,uncertain,uncertain,uncertain,unattributed,low,poor,microscope screen photo; very blurry arm region
photos/first500/first500-043.jpg,first500,obverse,unknown,uncertain,uncertain,uncertain,n/a,n/a,n/a,uncertain,uncertain,uncertain,uncertain,uncertain,uncertain,uncertain,unattributed,low,poor,microscope screen photo; very blurry
photos/first500/first500-044.jpg,first500,obverse,unknown,uncertain,uncertain,uncertain,n/a,n/a,n/a,uncertain,absent,absent,absent,uncertain,absent,uncertain,unattributed,medium,fair,lady pilgrim forearm/sleeve; IN legend
photos/first500/first500-045.jpg,first500,obverse,unknown,uncertain,uncertain,uncertain,n/a,n/a,n/a,uncertain,absent,absent,absent,uncertain,absent,uncertain,unattributed,medium,fair,lady pilgrim forearm/sleeve; IN legend
photos/first500/first500-046.jpg,first500,obverse,unknown,uncertain,uncertain,uncertain,n/a,n/a,n/a,uncertain,absent,absent,absent,uncertain,absent,uncertain,unattributed,medium,fair,lady pilgrim forearm/sleeve; IN legend
photos/first500/first500-047.jpg,first500,obverse,unknown,uncertain,uncertain,uncertain,n/a,n/a,n/a,uncertain,absent,absent,absent,uncertain,absent,uncertain,unattributed,medium,fair,lady pilgrim forearm/sleeve; IN legend
photos/first500/first500-048.jpg,first500,obverse,unknown,uncertain,uncertain,uncertain,n/a,n/a,n/a,uncertain,absent,absent,absent,uncertain,absent,uncertain,unattributed,medium,fair,lady pilgrim forearm/sleeve; IN legend
photos/first500/first500-049.jpg,first500,obverse,unknown,uncertain,uncertain,uncertain,n/a,n/a,n/a,uncertain,absent,absent,absent,uncertain,absent,uncertain,unattributed,medium,fair,lady pilgrim forearm/sleeve; IN legend
photos/first500/first500-050.jpg,first500,obverse,unknown,uncertain,uncertain,uncertain,n/a,n/a,n/a,uncertain,absent,absent,absent,uncertain,absent,uncertain,unattributed,medium,fair,lady pilgrim forearm/sleeve; IN legend
photos/first500/first500-051.mp4,first500,obverse,unknown,uncertain,uncertain,uncertain,n/a,n/a,n/a,uncertain,absent,absent,absent,uncertain,absent,uncertain,unattributed,medium,fair,video frame; lady pilgrim forearm; ING legend
photos/first500/first500-052.jpg,first500,obverse,unknown,absent,uncertain,present,n/a,n/a,n/a,uncertain,absent,absent,absent,uncertain,absent,uncertain,unattributed,medium,fair,red markup arrows ignored; dot clearly seen on arm
photos/first500/first500-053.jpg,first500,obverse,unknown,absent,uncertain,present,n/a,n/a,n/a,uncertain,absent,absent,absent,uncertain,absent,uncertain,unattributed,medium,fair,same view as 052 without markup; dot clearly seen on arm
photos/first500/first500-054.jpg,first500,obverse,unknown,absent,uncertain,present,n/a,n/a,n/a,uncertain,absent,absent,absent,uncertain,absent,uncertain,unattributed,medium,fair,same view as 052; different lighting; dot clearly seen on arm
photos/first500/first500-055.jpg,first500,obverse,unknown,uncertain,uncertain,present,n/a,n/a,n/a,uncertain,absent,absent,absent,uncertain,absent,uncertain,unattributed,medium,fair,lady pilgrim forearm; dot clearly seen on arm
photos/first500/first500-056.jpg,first500,obverse,unknown,uncertain,uncertain,present,n/a,n/a,n/a,uncertain,absent,absent,absent,uncertain,absent,present,unattributed,medium,fair,lady pilgrim forearm; IN GOD legend; dot clearly seen
photos/first500/first500-057.jpg,first500,obverse,unknown,uncertain,uncertain,present,n/a,n/a,n/a,uncertain,absent,absent,absent,uncertain,absent,present,unattributed,medium,fair,lady pilgrim forearm; IN GOD legend; dot clearly seen
photos/first500/first500-058.mp4,first500,obverse,unknown,uncertain,uncertain,uncertain,n/a,n/a,n/a,uncertain,absent,absent,absent,absent,absent,uncertain,unattributed,low,fair,video frame; shoulder near RS initials; arm not in frame
photos/first500/first500-059.mp4,first500,obverse,unknown,uncertain,uncertain,uncertain,n/a,n/a,n/a,uncertain,absent,absent,absent,absent,absent,uncertain,unattributed,low,fair,video frame; shoulder area; IN legend; arm not in frame
photos/first500/first500-060.mp4,first500,obverse,unknown,uncertain,uncertain,uncertain,n/a,n/a,n/a,uncertain,absent,absent,absent,absent,absent,uncertain,unattributed,low,fair,video frame; shoulder near RS initials; arm not in frame
photos/first500/first500-061.mp4,first500,reverse,unknown,n/a,n/a,n/a,none,uncertain,uncertain,n/a,absent,absent,absent,absent,absent,uncertain,unattributed,medium,fair,video frame; ship stern rigging; mast front not in crop
photos/first500/first500-062.mp4,first500,obverse,unknown,n/a,n/a,n/a,n/a,n/a,n/a,uncertain,absent,absent,absent,absent,uncertain,absent,unattributed,low,fair,video frame; male pilgrim face; E PLURIBUS UNUM; faint face lines
photos/first500/first500-063.mp4,first500,obverse,unknown,n/a,n/a,n/a,n/a,n/a,n/a,uncertain,absent,absent,absent,absent,uncertain,absent,unattributed,low,fair,video frame; male pilgrim face closeup; blurry; faint face lines
photos/first500/first500-064.mp4,first500,obverse,unknown,n/a,n/a,n/a,n/a,n/a,n/a,uncertain,absent,absent,absent,absent,uncertain,absent,unattributed,low,fair,video frame; male pilgrim face; PLURIBUS UNUM
photos/first500/first500-065.jpg,first500,obverse,unknown,uncertain,uncertain,uncertain,n/a,n/a,n/a,uncertain,absent,absent,absent,absent,uncertain,uncertain,unattributed,medium,fair,shoulder area; IN GOD legend; RS initials; arm not in frame
photos/first500/first500-066.jpg,first500,obverse,unknown,uncertain,uncertain,uncertain,n/a,n/a,n/a,uncertain,absent,absent,absent,absent,uncertain,uncertain,unattributed,medium,fair,shoulder area; IN GOD legend; arm not in frame
photos/first500/first500-067.jpg,first500,obverse,unknown,uncertain,uncertain,uncertain,n/a,n/a,n/a,uncertain,absent,absent,absent,absent,uncertain,uncertain,unattributed,medium,fair,shoulder area; IN GOD 17 legend; arm not in frame
photos/first500/first500-068.jpg,first500,obverse,unknown,n/a,n/a,n/a,n/a,n/a,n/a,absent,absent,absent,absent,absent,uncertain,absent,unattributed,medium,fair,male pilgrim hat; PLURIBUS legend
photos/first500/first500-069.jpg,first500,obverse,unknown,n/a,n/a,n/a,n/a,n/a,n/a,absent,absent,absent,absent,absent,uncertain,absent,unattributed,medium,fair,male pilgrim hat; URIBUS UN legend
photos/first500/first500-070.jpg,first500,obverse,unknown,n/a,n/a,n/a,n/a,n/a,n/a,absent,absent,absent,absent,absent,uncertain,absent,unattributed,medium,fair,male pilgrim face; LURIBUS legend
photos/first500/first500-071.jpg,first500,obverse,unknown,n/a,n/a,n/a,n/a,n/a,n/a,absent,absent,absent,absent,absent,uncertain,absent,unattributed,medium,fair,male pilgrim face closeup
photos/first500/first500-072.jpg,first500,obverse,unknown,n/a,n/a,n/a,n/a,n/a,n/a,absent,absent,absent,absent,absent,uncertain,absent,unattributed,medium,fair,male pilgrim face; E PLURIBUS legend
photos/first500/first500-073.jpg,first500,obverse,unknown,n/a,n/a,n/a,n/a,n/a,n/a,absent,absent,absent,absent,absent,uncertain,absent,unattributed,medium,fair,male pilgrim face; light scratches on hat
photos/first500/first500-074.jpg,first500,obverse,unknown,n/a,n/a,n/a,n/a,n/a,n/a,uncertain,absent,absent,absent,absent,absent,absent,unattributed,medium,fair,male pilgrim torso; clasped hands
photos/first500/first500-075.jpg,first500,obverse,unknown,n/a,n/a,n/a,n/a,n/a,n/a,uncertain,absent,absent,absent,absent,uncertain,absent,unattributed,medium,fair,male pilgrim torso; RS initials; faint jacket lines
photos/first500/first500-076.jpg,first500,obverse,unknown,n/a,n/a,n/a,n/a,n/a,n/a,uncertain,absent,absent,absent,absent,uncertain,uncertain,unattributed,medium,fair,male pilgrim torso; 1776~202 date; faint jacket lines
photos/first500/first500-077.jpg,first500,obverse,unknown,n/a,n/a,n/a,n/a,n/a,n/a,uncertain,absent,absent,absent,absent,present,uncertain,unattributed,medium,fair,male pilgrim torso; 1776~20 date; raised line across field below arm
photos/first500/first500-078.jpg,first500,obverse,unknown,n/a,n/a,n/a,n/a,n/a,n/a,uncertain,absent,absent,absent,absent,present,uncertain,unattributed,medium,fair,male pilgrim date area; 1776~202; raised line across field
photos/first500/first500-079.jpg,first500,obverse,unknown,uncertain,uncertain,uncertain,n/a,n/a,n/a,n/a,absent,absent,absent,absent,present,absent,unattributed,high,good,obverse close-up; 1776-2026 legend; die crack line through field
photos/first500/first500-080.jpg,first500,obverse,unknown,uncertain,uncertain,uncertain,n/a,n/a,n/a,absent,absent,absent,absent,absent,uncertain,absent,unattributed,medium,good,obverse close-up; elbow sleeve and IN GOD lettering
photos/first500/first500-081.jpg,first500,obverse,unknown,uncertain,uncertain,uncertain,n/a,n/a,n/a,n/a,absent,absent,absent,absent,present,absent,unattributed,high,good,obverse close-up; 1776 IN GOD; die crack line through 7
photos/first500/first500-082.jpg,first500,obverse,unknown,uncertain,uncertain,uncertain,n/a,n/a,n/a,n/a,absent,absent,absent,absent,present,absent,unattributed,high,good,obverse close-up; 1776 IN GOD; purple markup streaks ignored; field crack line
photos/first500/first500-083.jpg,first500,obverse,unknown,uncertain,uncertain,uncertain,n/a,n/a,n/a,n/a,absent,absent,absent,absent,present,absent,unattributed,high,good,obverse close-up; 1776 IN GOD; heavy purple markup ignored; field crack line
photos/first500/first500-084.jpg,first500,obverse,unknown,uncertain,uncertain,uncertain,n/a,n/a,n/a,n/a,absent,absent,absent,absent,present,absent,unattributed,high,good,obverse close-up; 1776 IN GOD; field crack line through 7s
photos/first500/first500-085.jpg,first500,obverse,unknown,uncertain,uncertain,uncertain,n/a,n/a,n/a,n/a,absent,absent,absent,absent,present,absent,unattributed,high,good,obverse close-up; 1776 IN GOD; field crack line through 7s
photos/first500/first500-086.jpg,first500,obverse,unknown,uncertain,uncertain,uncertain,n/a,n/a,n/a,n/a,absent,absent,absent,absent,present,absent,unattributed,high,good,obverse close-up; 1776~2026 IN GOD WE T; crack lines through 77 and vertical field
photos/first500/first500-087.jpg,first500,obverse,unknown,uncertain,uncertain,uncertain,n/a,n/a,n/a,n/a,absent,absent,absent,absent,present,absent,unattributed,high,good,obverse close-up; 1776~2026 IN GOD WE T; vertical crack line through field
photos/first500/first500-088.jpg,first500,obverse,unknown,uncertain,uncertain,uncertain,n/a,n/a,n/a,uncertain,absent,absent,absent,absent,present,absent,unattributed,medium,good,obverse close-up; ~2026 WE TRUST; hand drapery at top; field lines
photos/first500/first500-089.jpg,first500,obverse,unknown,uncertain,uncertain,uncertain,n/a,n/a,n/a,uncertain,absent,absent,absent,absent,present,absent,unattributed,medium,good,obverse close-up; ~2026 WE TRUST; red annotation arrows ignored; field lines
photos/first500/first500-090.jpg,first500,obverse,unknown,uncertain,uncertain,uncertain,n/a,n/a,n/a,uncertain,absent,absent,absent,absent,present,absent,unattributed,high,good,obverse close-up; ~2026 WE TRUST; field lines near date
photos/first500/first500-091.jpg,first500,obverse,unknown,uncertain,uncertain,uncertain,n/a,n/a,n/a,n/a,absent,absent,absent,absent,present,absent,unattributed,high,good,obverse close-up; ~2026 WE TRUST; crack network in field around date
photos/first500/first500-092.jpg,first500,obverse,unknown,uncertain,uncertain,uncertain,n/a,n/a,n/a,n/a,absent,absent,absent,absent,present,absent,unattributed,high,good,obverse close-up; ~2026 WE TRUST; crack network in field
photos/first500/first500-093.jpg,first500,obverse,unknown,uncertain,uncertain,uncertain,n/a,n/a,n/a,n/a,absent,absent,absent,absent,present,absent,unattributed,high,good,obverse close-up; ~2026 WE TRUST; crack network in field
photos/first500/first500-094.jpg,first500,obverse,unknown,uncertain,uncertain,uncertain,n/a,n/a,n/a,n/a,absent,absent,absent,absent,present,absent,unattributed,high,good,obverse close-up; 2026 TRUST; red annotation arrows ignored; field lines
photos/first500/first500-095.jpg,first500,obverse,unknown,uncertain,uncertain,uncertain,n/a,n/a,n/a,absent,absent,absent,absent,absent,present,absent,unattributed,high,good,obverse close-up; 2026 TRUST; wrist and sleeve folds; field lines
photos/first500/first500-096.jpg,first500,obverse,unknown,uncertain,uncertain,uncertain,n/a,n/a,n/a,absent,absent,absent,absent,absent,present,absent,unattributed,high,good,obverse close-up; 2026 TRUST; wrist and sleeve folds; field lines
photos/first500/first500-097.jpg,first500,obverse,unknown,uncertain,uncertain,uncertain,n/a,n/a,n/a,absent,absent,absent,absent,absent,uncertain,absent,unattributed,medium,good,obverse close-up; hand and forearm; red annotation arrows ignored
photos/first500/first500-098.jpg,first500,obverse,unknown,uncertain,uncertain,uncertain,n/a,n/a,n/a,absent,absent,absent,absent,absent,uncertain,absent,unattributed,medium,good,obverse close-up; hand and forearm; red annotation arrows ignored
photos/first500/first500-099.jpg,first500,obverse,unknown,uncertain,uncertain,uncertain,n/a,n/a,n/a,absent,absent,absent,absent,absent,uncertain,absent,unattributed,medium,good,obverse close-up; hand and forearm; no markup
photos/first500/first500-100.jpg,first500,obverse,unknown,uncertain,uncertain,uncertain,n/a,n/a,n/a,absent,absent,absent,absent,absent,uncertain,absent,unattributed,medium,good,obverse close-up; hand and forearm; fingers curled
photos/first500/first500-101.jpg,first500,obverse,unknown,uncertain,uncertain,uncertain,n/a,n/a,n/a,n/a,absent,absent,absent,absent,absent,absent,unattributed,medium,good,obverse close-up; wrist cuff and fingers; red annotation arrows ignored
photos/first500/first500-102.jpg,first500,obverse,unknown,uncertain,uncertain,uncertain,n/a,n/a,n/a,n/a,absent,absent,absent,absent,absent,absent,unattributed,medium,good,obverse close-up; wrist cuff and fingers; no markup
photos/first500/first500-103.jpg,first500,obverse,unknown,uncertain,uncertain,uncertain,n/a,n/a,n/a,n/a,absent,absent,absent,absent,absent,absent,unattributed,medium,good,obverse close-up; wrist cuff and fingers; no markup
photos/first500/first500-104.jpg,first500,obverse,P,uncertain,uncertain,uncertain,n/a,n/a,n/a,n/a,absent,absent,absent,absent,absent,absent,unattributed,medium,good,FULL-RES RECHECK (coordinator): same coin in all 3 shots (104/105/106); small dots at finger/wrist junction persist across shots so likely real surface features not reflections; position consistent with Mosquito Bite but 640px resolution too low to confirm die origin vs contact marks/debris; NOT a confirmed Mosquito Bite match
photos/first500/first500-105.jpg,first500,obverse,P,uncertain,uncertain,uncertain,n/a,n/a,n/a,n/a,absent,absent,absent,absent,absent,absent,unattributed,medium,good,FULL-RES RECHECK (coordinator): same coin in all 3 shots (104/105/106); small dots at finger/wrist junction persist across shots so likely real surface features not reflections; position consistent with Mosquito Bite but 640px resolution too low to confirm die origin vs contact marks/debris; NOT a confirmed Mosquito Bite match
photos/first500/first500-106.jpg,first500,obverse,P,uncertain,uncertain,uncertain,n/a,n/a,n/a,n/a,absent,absent,absent,absent,absent,absent,unattributed,medium,good,FULL-RES RECHECK (coordinator): same coin in all 3 shots (104/105/106); small dots at finger/wrist junction persist across shots so likely real surface features not reflections; position consistent with Mosquito Bite but 640px resolution too low to confirm die origin vs contact marks/debris; NOT a confirmed Mosquito Bite match
photos/first500/first500-107.jpg,first500,obverse,P,uncertain,uncertain,uncertain,n/a,n/a,n/a,absent,absent,absent,absent,absent,uncertain,absent,unattributed,high,good,obverse close-up; pilgrim face and bonnet; P mintmark
photos/first500/first500-108.jpg,first500,obverse,P,uncertain,uncertain,uncertain,n/a,n/a,n/a,absent,absent,absent,absent,absent,uncertain,absent,unattributed,high,good,obverse close-up; face and bonnet; red annotation arrows ignored; P mintmark
photos/first500/first500-109.jpg,first500,obverse,P,uncertain,uncertain,uncertain,n/a,n/a,n/a,absent,absent,absent,absent,absent,uncertain,absent,unattributed,high,good,obverse close-up; face and bonnet; P mintmark; faint field line above bonnet
photos/first500/first500-110.jpg,first500,obverse,P,uncertain,uncertain,uncertain,n/a,n/a,n/a,absent,absent,absent,absent,absent,uncertain,absent,unattributed,high,good,obverse close-up; face and bonnet; P mintmark; faint field line
photos/first500/first500-111.jpg,first500,obverse,P,uncertain,uncertain,uncertain,n/a,n/a,n/a,absent,absent,absent,absent,absent,absent,absent,unattributed,high,good,obverse close-up; face and bonnet; P mintmark
photos/first500/first500-112.jpg,first500,obverse,P,uncertain,uncertain,uncertain,n/a,n/a,n/a,absent,absent,absent,absent,absent,absent,absent,unattributed,high,good,obverse close-up; face and bonnet; P mintmark
photos/first500/first500-113.jpg,first500,obverse,unknown,uncertain,uncertain,uncertain,n/a,n/a,n/a,n/a,absent,absent,absent,absent,absent,absent,unattributed,high,good,obverse close-up; PLURIBUS UNUM legend; rim area
photos/first500/first500-114.jpg,first500,obverse,unknown,uncertain,uncertain,uncertain,n/a,n/a,n/a,n/a,absent,absent,absent,absent,absent,absent,unattributed,high,good,obverse close-up; PLURIBUS UNUM legend; rim area
photos/first500/first500-115.jpg,first500,obverse,unknown,uncertain,uncertain,uncertain,n/a,n/a,n/a,n/a,absent,absent,absent,absent,absent,absent,unattributed,high,good,obverse close-up; rim near M; lettering edge
photos/first500/first500-116.jpg,first500,obverse,P,uncertain,uncertain,uncertain,n/a,n/a,n/a,n/a,absent,absent,absent,absent,absent,absent,unattributed,high,good,obverse close-up; P mintmark and EC initials; rim area
photos/first500/first500-117.jpg,first500,obverse,P,uncertain,uncertain,uncertain,n/a,n/a,n/a,n/a,absent,absent,absent,absent,absent,absent,unattributed,high,good,obverse close-up; P mintmark partial and EC initials; rim area
photos/first500/first500-118.jpg,first500,obverse,unknown,uncertain,uncertain,uncertain,n/a,n/a,n/a,uncertain,absent,absent,absent,absent,absent,present,unattributed,medium,good,obverse rim macro; raised wavy mark near rim above hand; no dot at wrist
photos/first500/first500-119.jpg,first500,obverse,unknown,uncertain,uncertain,uncertain,n/a,n/a,n/a,uncertain,absent,absent,absent,absent,absent,present,unattributed,medium,good,obverse rim macro; same wavy mark near rim as 118; marker region ambiguous
photos/first500/first500-120.jpg,first500,obverse,unknown,uncertain,uncertain,uncertain,n/a,n/a,n/a,uncertain,absent,absent,absent,absent,absent,uncertain,unattributed,medium,good,obverse legend macro; arm region out of frame
photos/first500/first500-121.jpg,first500,obverse,unknown,uncertain,uncertain,uncertain,n/a,n/a,n/a,uncertain,absent,absent,absent,absent,absent,present,unattributed,medium,good,obverse TRUST and date macro; radial die flow visible; markers out of frame
photos/first500/first500-122.jpg,first500,obverse,unknown,uncertain,uncertain,uncertain,n/a,n/a,n/a,uncertain,absent,absent,absent,absent,absent,present,unattributed,medium,good,obverse TRUST macro; radial die flow visible; markers out of frame
photos/first500/first500-123.jpg,first500,obverse,P,uncertain,uncertain,uncertain,n/a,n/a,n/a,uncertain,absent,absent,absent,absent,absent,present,unattributed,medium,good,obverse WE TRUST and 2026 macro; P mintmark visible; radial flow lines
photos/first500/first500-124.jpg,first500,obverse,P,uncertain,uncertain,uncertain,n/a,n/a,n/a,uncertain,absent,absent,absent,absent,absent,present,unattributed,medium,good,obverse GOD WE and date macro; P mintmark visible; radial flow lines
photos/first500/first500-125.jpg,first500,obverse,unknown,uncertain,uncertain,uncertain,n/a,n/a,n/a,uncertain,absent,absent,absent,absent,absent,uncertain,unattributed,medium,good,obverse IN and date macro; mintmark out of frame; faint field streaks
photos/first500/first500-126.jpg,first500,obverse,unknown,uncertain,uncertain,uncertain,n/a,n/a,n/a,uncertain,absent,absent,absent,absent,absent,uncertain,unattributed,medium,good,obverse figure torso macro; hand and arm marker regions out of frame
photos/first500/first500-127.jpg,first500,obverse,unknown,uncertain,uncertain,uncertain,n/a,n/a,n/a,uncertain,absent,absent,absent,absent,absent,uncertain,unattributed,medium,good,obverse figure torso macro; same view as 126; marker regions out of frame
photos/first500/first500-128.jpg,first500,obverse,unknown,uncertain,uncertain,absent,n/a,n/a,n/a,uncertain,absent,absent,absent,absent,absent,uncertain,unattributed,medium,good,obverse arm drapery with RS initials; arm visible with normal folds; no dots
photos/first500/first500-129.jpg,first500,obverse,unknown,uncertain,uncertain,absent,n/a,n/a,n/a,uncertain,absent,absent,absent,absent,absent,uncertain,unattributed,medium,good,obverse arm drapery with RS initials; same view as 128; no marker dots
photos/first500/first500-130.jpg,first500,obverse,unknown,uncertain,uncertain,absent,n/a,n/a,n/a,uncertain,absent,absent,absent,absent,absent,uncertain,unattributed,medium,good,obverse arm drapery with RS initials; normal folds; no dots
photos/first500/first500-131.jpg,first500,obverse,unknown,uncertain,uncertain,absent,n/a,n/a,n/a,uncertain,absent,absent,absent,absent,absent,uncertain,unattributed,medium,good,obverse arm drapery with RS initials; warmer tone variant; no dots
photos/first500/first500-132.jpg,first500,obverse,unknown,uncertain,uncertain,uncertain,n/a,n/a,n/a,uncertain,absent,absent,absent,absent,absent,uncertain,unattributed,medium,good,obverse rim macro with RS initials; arm out of frame
photos/first500/first500-133.jpg,first500,obverse,unknown,uncertain,uncertain,uncertain,n/a,n/a,n/a,uncertain,absent,absent,absent,absent,absent,uncertain,unattributed,low,poor,reeded edge macro; copper core; finger in frame; blurry legend only
photos/first500/first500-134.jpg,first500,obverse,unknown,uncertain,uncertain,uncertain,n/a,n/a,n/a,uncertain,absent,absent,absent,absent,absent,uncertain,unattributed,low,poor,reeded edge macro; copper core; finger in frame; blurry
photos/first500/first500-135.jpg,first500,obverse,unknown,uncertain,uncertain,uncertain,n/a,n/a,n/a,uncertain,absent,absent,absent,absent,absent,uncertain,unattributed,low,poor,reeded edge macro; copper core; finger in frame; blurry legend
photos/first500/first500-136.jpg,first500,obverse,unknown,uncertain,uncertain,uncertain,n/a,n/a,n/a,uncertain,absent,absent,absent,absent,absent,uncertain,unattributed,low,poor,reeded edge macro; copper core; finger in frame; blurry legend
photos/first500/first500-137.jpg,first500,obverse,unknown,uncertain,uncertain,uncertain,n/a,n/a,n/a,uncertain,absent,absent,absent,absent,absent,uncertain,unattributed,low,fair,edge and rim macro; partial legend letters; out of focus
photos/first500/first500-138.jpg,first500,obverse,unknown,uncertain,uncertain,uncertain,n/a,n/a,n/a,uncertain,absent,absent,absent,absent,absent,present,unattributed,medium,good,obverse PLURIBUS rim macro; die flow lines visible; markers out of frame
photos/first500/first500-139.jpg,first500,obverse,unknown,uncertain,uncertain,uncertain,n/a,n/a,n/a,uncertain,absent,absent,absent,absent,absent,present,unattributed,medium,good,obverse PLURIBUS rim macro; die flow lines visible; markers out of frame
photos/first500/first500-140.jpg,first500,obverse,unknown,uncertain,uncertain,uncertain,n/a,n/a,n/a,uncertain,absent,absent,absent,absent,absent,present,unattributed,medium,good,obverse RIBUS rim macro; mild flow lines; markers out of frame
photos/first500/first500-141.jpg,first500,obverse,unknown,uncertain,uncertain,uncertain,n/a,n/a,n/a,uncertain,absent,absent,absent,absent,absent,present,unattributed,medium,good,obverse URIBUS rim macro; mild flow lines; markers out of frame
photos/first500/first500-142.jpg,first500,obverse,unknown,uncertain,uncertain,uncertain,n/a,n/a,n/a,uncertain,absent,absent,absent,absent,absent,present,unattributed,medium,good,obverse IBUS rim macro; flow lines near rim; markers out of frame
photos/first500/first500-143.jpg,first500,obverse,unknown,uncertain,uncertain,uncertain,n/a,n/a,n/a,uncertain,absent,absent,absent,absent,absent,present,unattributed,medium,good,obverse IBUS U rim macro; die flow streaks; markers out of frame
photos/first500/first500-144.jpg,first500,obverse,unknown,uncertain,uncertain,uncertain,n/a,n/a,n/a,uncertain,absent,absent,absent,absent,absent,present,unattributed,medium,good,obverse RIBUS rim macro; die flow streaks; markers out of frame
photos/first500/first500-145.jpg,first500,obverse,unknown,uncertain,uncertain,uncertain,n/a,n/a,n/a,uncertain,absent,absent,absent,uncertain,absent,uncertain,unattributed,medium,good,obverse S UNUM rim macro; battered rim edge; markers out of frame
photos/first500/first500-146.jpg,first500,obverse,unknown,uncertain,uncertain,uncertain,n/a,n/a,n/a,uncertain,absent,absent,absent,uncertain,absent,uncertain,unattributed,medium,good,obverse INUM rim macro; battered rim edge; markers out of frame
photos/first500/first500-147.jpg,first500,obverse,unknown,uncertain,uncertain,uncertain,n/a,n/a,n/a,uncertain,absent,absent,absent,uncertain,absent,uncertain,unattributed,medium,good,obverse UNUM rim macro; battered rim edge; markers out of frame
photos/first500/first500-148.jpg,first500,obverse,unknown,uncertain,uncertain,uncertain,n/a,n/a,n/a,uncertain,absent,absent,absent,absent,absent,uncertain,unattributed,medium,good,obverse UM rim macro; rim normal; markers out of frame
photos/first500/first500-149.jpg,first500,obverse,unknown,uncertain,uncertain,uncertain,n/a,n/a,n/a,uncertain,absent,absent,absent,absent,absent,uncertain,unattributed,medium,good,obverse rim macro; wavy raised mark near rim above hand; blurry mark lower left
photos/first500/first500-150.jpg,first500,obverse,P,absent,uncertain,absent,n/a,n/a,n/a,absent,absent,absent,absent,absent,absent,uncertain,unattributed,medium,good,P obverse; hand and wrist visible; no dot at wrist; thin wavy raised line above hand
photos/first500/first500-151.jpg,first500,obverse,P,absent,uncertain,absent,n/a,n/a,n/a,absent,absent,absent,absent,absent,absent,uncertain,unattributed,medium,good,P obverse; hand on arm visible; no dot at wrist; small wavy mark near rim
photos/first500/first500-152.jpg,first500,obverse,P,absent,uncertain,absent,n/a,n/a,n/a,absent,absent,absent,absent,absent,absent,uncertain,unattributed,medium,good,P obverse; hand on arm; no dot at wrist; small wavy raised mark at right edge
photos/first500/first500-153.jpg,first500,obverse,P,absent,uncertain,absent,n/a,n/a,n/a,absent,absent,absent,absent,absent,absent,uncertain,unattributed,medium,good,P obverse; face and hand; no dot at wrist; wavy mark right of hand ambiguous
photos/first500/first500-154.jpg,first500,obverse,P,uncertain,uncertain,absent,n/a,n/a,n/a,absent,absent,absent,absent,absent,absent,uncertain,unattributed,medium,good,P obverse; face close-up; hand partial at right edge; wrist junction not clear
photos/first500/first500-155.jpg,first500,obverse,P,uncertain,uncertain,absent,n/a,n/a,n/a,absent,absent,absent,absent,absent,absent,uncertain,unattributed,medium,good,P obverse; face close-up; hand partial at right; wrist junction not clear
photos/first500/first500-156.jpg,first500,obverse,unknown,uncertain,uncertain,uncertain,n/a,n/a,n/a,absent,absent,absent,absent,absent,absent,uncertain,unattributed,medium,good,obverse figure close-up; bearded male and pilgrim lady; no face cracks
photos/first500/first500-157.jpg,first500,obverse,unknown,uncertain,uncertain,uncertain,n/a,n/a,n/a,absent,uncertain,uncertain,absent,absent,absent,present,unattributed,medium,good,obverse close crop; lady face and right shoulder; left hand and wrist out of frame
photos/first500/first500-158.jpg,first500,obverse,unknown,uncertain,uncertain,uncertain,n/a,n/a,n/a,absent,uncertain,uncertain,absent,absent,absent,uncertain,unattributed,medium,fair,obverse close crop; hat brim and lady bonnet; marker region out of frame
photos/first500/first500-159.jpg,first500,obverse,unknown,uncertain,uncertain,uncertain,n/a,n/a,n/a,absent,uncertain,uncertain,absent,absent,absent,uncertain,unattributed,medium,fair,obverse close crop; hat brim and lady bonnet; marker region out of frame
photos/first500/first500-160.jpg,first500,obverse,unknown,uncertain,uncertain,uncertain,n/a,n/a,n/a,absent,uncertain,uncertain,absent,absent,absent,uncertain,unattributed,medium,fair,obverse close crop; hat brim and lady bonnet; marker region out of frame
photos/first500/first500-161.jpg,first500,obverse,unknown,uncertain,uncertain,uncertain,n/a,n/a,n/a,absent,uncertain,uncertain,absent,absent,uncertain,uncertain,unattributed,medium,good,obverse close crop; man hat with faint line on crown; marker region out of frame
photos/first500/first500-162.jpg,first500,obverse,unknown,uncertain,uncertain,uncertain,n/a,n/a,n/a,absent,uncertain,uncertain,absent,absent,absent,uncertain,unattributed,medium,good,obverse close crop; man face and hat brim; marker region out of frame
photos/first500/first500-163.jpg,first500,obverse,unknown,uncertain,uncertain,uncertain,n/a,n/a,n/a,absent,uncertain,uncertain,absent,absent,absent,uncertain,unattributed,medium,good,obverse close crop; man face and hat brim; marker region out of frame
photos/first500/first500-164.jpg,first500,obverse,unknown,uncertain,uncertain,uncertain,n/a,n/a,n/a,absent,uncertain,uncertain,absent,absent,absent,uncertain,unattributed,medium,good,obverse close crop; man face and hat brim; marker region out of frame
photos/first500/first500-165.jpg,first500,obverse,unknown,uncertain,uncertain,uncertain,n/a,n/a,n/a,absent,uncertain,uncertain,absent,absent,absent,uncertain,unattributed,medium,good,obverse close crop; man face and collar; marker region out of frame
photos/first500/first500-166.jpg,first500,obverse,unknown,uncertain,uncertain,uncertain,n/a,n/a,n/a,absent,uncertain,uncertain,absent,absent,absent,uncertain,unattributed,medium,good,obverse close crop; man face and collar; marker region out of frame
photos/first500/first500-167.jpg,first500,obverse,unknown,uncertain,uncertain,uncertain,n/a,n/a,n/a,absent,uncertain,uncertain,absent,absent,absent,uncertain,unattributed,medium,good,obverse close crop; man face and collar; marker region out of frame
photos/first500/first500-168.jpg,first500,obverse,unknown,uncertain,uncertain,uncertain,n/a,n/a,n/a,absent,uncertain,uncertain,absent,absent,absent,uncertain,unattributed,medium,good,obverse close crop; man face and collar; marker region out of frame
photos/first500/first500-169.jpg,first500,obverse,unknown,uncertain,uncertain,uncertain,n/a,n/a,n/a,absent,uncertain,uncertain,absent,absent,absent,uncertain,unattributed,medium,good,obverse close crop; man face and collar; marker region out of frame
photos/first500/first500-170.jpg,first500,reverse,unknown,n/a,n/a,n/a,none,uncertain,uncertain,n/a,uncertain,uncertain,absent,absent,absent,uncertain,unattributed,medium,fair,reverse close crop; sails masthead and rigging; no bird-like chip seen
photos/first500/first500-171.jpg,first500,reverse,unknown,n/a,n/a,n/a,none,uncertain,uncertain,n/a,uncertain,uncertain,absent,absent,absent,uncertain,unattributed,medium,fair,reverse close crop; sails only; mast out of frame; normal strike
photos/first500/first500-172.jpg,first500,reverse,unknown,n/a,n/a,n/a,none,uncertain,uncertain,n/a,uncertain,uncertain,absent,absent,absent,uncertain,unattributed,medium,fair,reverse close crop; sails only; mast out of frame; normal strike
photos/first500/first500-173.jpg,first500,reverse,unknown,n/a,n/a,n/a,none,uncertain,uncertain,n/a,uncertain,uncertain,absent,absent,absent,uncertain,unattributed,medium,fair,reverse close crop; sails only; mast out of frame; normal strike
photos/first500/first500-174.jpg,first500,reverse,unknown,n/a,n/a,n/a,none,uncertain,uncertain,n/a,uncertain,uncertain,absent,absent,absent,uncertain,unattributed,medium,fair,reverse close crop; sails only; mast out of frame; normal strike
photos/first500/first500-175.jpg,first500,reverse,unknown,n/a,n/a,n/a,none,uncertain,uncertain,n/a,uncertain,uncertain,absent,absent,absent,uncertain,unattributed,medium,fair,reverse close crop; lower sails and rigging; mast out of frame; normal strike
photos/first500/first500-176.jpg,first500,reverse,unknown,n/a,n/a,n/a,none,uncertain,uncertain,n/a,uncertain,uncertain,absent,absent,absent,uncertain,unattributed,medium,fair,reverse close crop; lower sails and mast base; normal strike
photos/first500/first500-177.jpg,first500,reverse,unknown,n/a,n/a,n/a,none,uncertain,uncertain,n/a,uncertain,uncertain,absent,absent,absent,uncertain,unattributed,medium,fair,reverse close crop; sails and mast top; no bird-like chip seen; normal strike
photos/first500/first500-178.jpg,first500,reverse,unknown,n/a,n/a,n/a,none,uncertain,uncertain,n/a,uncertain,uncertain,absent,absent,absent,uncertain,unattributed,medium,fair,reverse close crop; sails only; mast out of frame; normal strike
photos/first500/first500-179.jpg,first500,reverse,unknown,n/a,n/a,n/a,none,uncertain,uncertain,n/a,uncertain,uncertain,absent,absent,absent,uncertain,unattributed,medium,fair,reverse close crop; sails only; mast out of frame; normal strike
photos/first500/first500-180.jpg,first500,reverse,unknown,n/a,n/a,n/a,none,uncertain,uncertain,n/a,uncertain,uncertain,absent,absent,absent,uncertain,unattributed,medium,fair,reverse close crop; sails only; mast out of frame; normal strike
photos/first500/first500-181.jpg,first500,reverse,unknown,n/a,n/a,n/a,none,uncertain,uncertain,n/a,uncertain,uncertain,absent,absent,absent,uncertain,unattributed,medium,fair,reverse close crop; UNI legend and sails; normal strike
photos/first500/first500-182.jpg,first500,reverse,unknown,n/a,n/a,n/a,none,uncertain,uncertain,n/a,uncertain,uncertain,absent,absent,absent,uncertain,unattributed,medium,fair,reverse close crop; UNI legend and sails; normal strike
photos/first500/first500-183.jpg,first500,reverse,unknown,n/a,n/a,n/a,none,uncertain,uncertain,n/a,uncertain,uncertain,absent,absent,absent,uncertain,unattributed,medium,fair,reverse close crop; UNI legend and sails; normal strike
photos/first500/first500-184.jpg,first500,reverse,unknown,n/a,n/a,n/a,none,uncertain,uncertain,n/a,uncertain,uncertain,absent,absent,absent,uncertain,unattributed,medium,good,reverse close crop; UNI legend and sails; normal strike
photos/first500/first500-185.jpg,first500,reverse,unknown,n/a,n/a,n/a,none,uncertain,uncertain,n/a,uncertain,uncertain,absent,absent,absent,uncertain,unattributed,medium,good,reverse close crop; UNT legend and sails; normal strike
photos/first500/first500-186.jpg,first500,reverse,unknown,n/a,n/a,n/a,none,uncertain,uncertain,n/a,uncertain,uncertain,absent,absent,absent,uncertain,unattributed,medium,good,reverse close crop; UNITED legend and sails; normal strike
photos/first500/first500-187.jpg,first500,reverse,unknown,n/a,n/a,n/a,none,uncertain,uncertain,n/a,uncertain,uncertain,absent,absent,absent,uncertain,unattributed,medium,good,reverse close crop; UNITED legend and sails; normal strike
photos/first500/first500-188.jpg,first500,reverse,unknown,n/a,n/a,n/a,none,uncertain,uncertain,n/a,uncertain,uncertain,absent,absent,absent,uncertain,unattributed,medium,good,reverse close crop; UNITED legend and sails; normal strike
photos/first500/first500-189.jpg,first500,reverse,unknown,n/a,n/a,n/a,none,uncertain,uncertain,n/a,uncertain,uncertain,absent,absent,absent,uncertain,unattributed,medium,good,reverse close crop; UNITED legend and sails; normal strike
photos/first500/first500-190.jpg,first500,reverse,unknown,n/a,n/a,n/a,none,uncertain,uncertain,n/a,uncertain,uncertain,absent,absent,absent,uncertain,unattributed,medium,fair,reverse close crop; rim flag and field; normal strike
photos/first500/first500-191.jpg,first500,reverse,unknown,n/a,n/a,n/a,none,uncertain,uncertain,n/a,uncertain,uncertain,absent,absent,absent,uncertain,unattributed,medium,fair,reverse close crop; rim flag and field; normal strike
photos/first500/first500-192.jpg,first500,reverse,unknown,n/a,n/a,n/a,none,uncertain,uncertain,n/a,uncertain,uncertain,absent,absent,absent,uncertain,unattributed,medium,fair,reverse close crop; rim flag and field; normal strike
photos/first500/first500-193.jpg,first500,reverse,unknown,n/a,n/a,n/a,none,uncertain,uncertain,n/a,uncertain,uncertain,absent,absent,absent,uncertain,unattributed,medium,fair,reverse close crop; rim flag and field; normal strike
photos/first500/first500-194.jpg,first500,reverse,unknown,n/a,n/a,n/a,none,uncertain,uncertain,n/a,uncertain,uncertain,absent,absent,absent,uncertain,unattributed,medium,fair,reverse close crop; rim flag and field; normal strike
photos/first500/first500-195.jpg,first500,reverse,D,n/a,n/a,n/a,none,uncertain,uncertain,n/a,uncertain,uncertain,absent,absent,absent,uncertain,unattributed,medium,good,reverse close crop; D mintmark and hull with MAYFL legend; normal strike
photos/first500/first500-196.jpg,first500,reverse,D,n/a,n/a,n/a,uncertain,uncertain,uncertain,n/a,uncertain,uncertain,uncertain,uncertain,uncertain,uncertain,unattributed,medium,fair,partial reverse macro MAYFLOWER legend D mintmark; mast front not in frame
photos/first500/first500-197.jpg,first500,reverse,D,n/a,n/a,n/a,uncertain,uncertain,uncertain,n/a,uncertain,uncertain,uncertain,uncertain,uncertain,uncertain,unattributed,medium,fair,partial reverse macro MAYFLOWER legend D mintmark hull; normal strike
photos/first500/first500-198.jpg,first500,reverse,D,n/a,n/a,n/a,uncertain,uncertain,uncertain,n/a,uncertain,uncertain,uncertain,uncertain,uncertain,uncertain,unattributed,medium,fair,partial reverse macro legend with D cropped at edge; normal strike
photos/first500/first500-199.jpg,first500,reverse,D,n/a,n/a,n/a,uncertain,uncertain,uncertain,n/a,uncertain,uncertain,uncertain,uncertain,uncertain,uncertain,unattributed,medium,fair,partial reverse macro MAYFLOWER legend D mintmark; normal strike
photos/first500/first500-200.jpg,first500,reverse,D,n/a,n/a,n/a,uncertain,uncertain,uncertain,n/a,uncertain,uncertain,uncertain,uncertain,uncertain,uncertain,unattributed,medium,fair,partial reverse macro MAYFLOWER legend D mintmark; normal strike
photos/first500/first500-201.jpg,first500,reverse,uncertain,n/a,n/a,n/a,uncertain,uncertain,uncertain,n/a,uncertain,uncertain,uncertain,uncertain,uncertain,uncertain,unattributed,medium,fair,partial reverse macro hull bottom waves LIBERTY; mintmark out of frame
photos/first500/first500-202.jpg,first500,reverse,uncertain,n/a,n/a,n/a,uncertain,uncertain,uncertain,n/a,uncertain,uncertain,uncertain,uncertain,uncertain,uncertain,unattributed,medium,fair,partial reverse macro hull bottom waves LIBERTY; normal strike
photos/first500/first500-203.jpg,first500,reverse,uncertain,n/a,n/a,n/a,uncertain,uncertain,uncertain,n/a,uncertain,uncertain,uncertain,uncertain,uncertain,uncertain,unattributed,medium,fair,partial reverse macro hull bow LIBERTY COMPA; normal strike
photos/first500/first500-204.jpg,first500,reverse,uncertain,n/a,n/a,n/a,uncertain,uncertain,uncertain,n/a,uncertain,uncertain,uncertain,uncertain,uncertain,uncertain,unattributed,medium,fair,partial reverse macro MAYFLOWER legend rim; normal strike
photos/first500/first500-205.jpg,first500,reverse,uncertain,n/a,n/a,n/a,uncertain,uncertain,uncertain,n/a,uncertain,uncertain,uncertain,uncertain,uncertain,uncertain,unattributed,medium,fair,partial reverse macro MAYFLOWER legend rim; normal strike
photos/first500/first500-206.jpg,first500,reverse,uncertain,n/a,n/a,n/a,uncertain,uncertain,uncertain,n/a,uncertain,uncertain,uncertain,uncertain,uncertain,uncertain,unattributed,medium,fair,partial reverse macro MAYFLOWER legend rim; normal strike
photos/first500/first500-207.jpg,first500,reverse,uncertain,n/a,n/a,n/a,uncertain,uncertain,uncertain,n/a,uncertain,uncertain,uncertain,uncertain,uncertain,uncertain,unattributed,medium,fair,partial reverse macro LIBERTY FLOWER COMP legend waves; normal strike
photos/first500/first500-208.jpg,first500,reverse,uncertain,n/a,n/a,n/a,uncertain,uncertain,uncertain,n/a,uncertain,uncertain,uncertain,uncertain,uncertain,uncertain,unattributed,medium,fair,partial reverse macro LIBERTY FLOWER COMP legend waves; normal strike
photos/first500/first500-209.jpg,first500,reverse,uncertain,n/a,n/a,n/a,uncertain,uncertain,uncertain,n/a,uncertain,uncertain,uncertain,uncertain,uncertain,uncertain,unattributed,medium,fair,partial reverse macro LIBERTY OWER COMPA legend; normal strike
photos/first500/first500-210.jpg,first500,reverse,uncertain,n/a,n/a,n/a,uncertain,uncertain,uncertain,n/a,uncertain,uncertain,uncertain,uncertain,uncertain,uncertain,unattributed,medium,fair,partial reverse macro LIBERTY OWER COMPA legend; normal strike
photos/first500/first500-211.jpg,first500,reverse,uncertain,n/a,n/a,n/a,uncertain,uncertain,uncertain,n/a,uncertain,uncertain,uncertain,uncertain,uncertain,uncertain,unattributed,medium,fair,partial reverse macro ERTY COMPACT legend PH initials; normal strike
photos/first500/first500-212.jpg,first500,reverse,uncertain,n/a,n/a,n/a,uncertain,uncertain,uncertain,n/a,uncertain,uncertain,uncertain,uncertain,uncertain,uncertain,unattributed,medium,fair,partial reverse macro ERTY COMPACT legend PH initials; normal strike
photos/first500/first500-213.jpg,first500,reverse,uncertain,n/a,n/a,n/a,uncertain,uncertain,uncertain,n/a,uncertain,uncertain,uncertain,uncertain,uncertain,uncertain,unattributed,medium,fair,partial reverse macro TY OMPACT legend PH initials bow; normal strike
photos/first500/first500-214.jpg,first500,reverse,uncertain,n/a,n/a,n/a,uncertain,uncertain,uncertain,n/a,uncertain,uncertain,uncertain,uncertain,uncertain,uncertain,unattributed,medium,fair,partial reverse macro TY OMPACT legend PH initials bow; normal strike
photos/first500/first500-215.jpg,first500,reverse,uncertain,n/a,n/a,n/a,uncertain,uncertain,uncertain,n/a,uncertain,uncertain,uncertain,uncertain,uncertain,uncertain,unattributed,medium,fair,partial reverse macro bow/stern detail PH initials PTY legend; normal strike
photos/first500/first500-216.jpg,first500,reverse,uncertain,n/a,n/a,n/a,uncertain,uncertain,uncertain,n/a,uncertain,uncertain,uncertain,uncertain,uncertain,uncertain,unattributed,medium,fair,partial reverse macro bow/stern detail PH initials PTY legend; normal strike
photos/first500/first500-217.jpg,first500,reverse,uncertain,n/a,n/a,n/a,uncertain,uncertain,uncertain,n/a,uncertain,uncertain,uncertain,uncertain,uncertain,uncertain,unattributed,medium,fair,partial reverse macro bow hull masts ERTY legend; normal strike
photos/first500/first500-218.jpg,first500,reverse,uncertain,n/a,n/a,n/a,uncertain,uncertain,uncertain,n/a,uncertain,uncertain,uncertain,uncertain,uncertain,uncertain,unattributed,medium,fair,partial reverse macro bow hull masts ERTY legend; normal strike
photos/first500/first500-219.jpg,first500,reverse,uncertain,n/a,n/a,n/a,uncertain,uncertain,uncertain,n/a,uncertain,uncertain,uncertain,uncertain,uncertain,uncertain,unattributed,medium,fair,partial reverse macro hull bottom masts BERTY legend; normal strike
photos/first500/first500-220.jpg,first500,reverse,uncertain,n/a,n/a,n/a,uncertain,uncertain,uncertain,n/a,uncertain,uncertain,uncertain,uncertain,uncertain,uncertain,unattributed,medium,fair,partial reverse macro hull bottom masts BERTY legend; normal strike
photos/first500/first500-221.jpg,first500,reverse,uncertain,n/a,n/a,n/a,uncertain,uncertain,uncertain,n/a,uncertain,uncertain,uncertain,uncertain,uncertain,uncertain,unattributed,medium,fair,partial reverse macro hull masts LIBERTY; normal strike
photos/first500/first500-222.jpg,first500,reverse,uncertain,n/a,n/a,n/a,uncertain,uncertain,uncertain,n/a,uncertain,uncertain,uncertain,uncertain,uncertain,uncertain,unattributed,medium,fair,partial reverse macro hull masts LIBERTY; normal strike
photos/first500/first500-223.jpg,first500,reverse,uncertain,n/a,n/a,n/a,uncertain,uncertain,uncertain,n/a,uncertain,uncertain,uncertain,uncertain,uncertain,uncertain,unattributed,medium,fair,partial reverse macro hull masts AY LIBERT; normal strike
photos/first500/first500-224.jpg,first500,reverse,uncertain,n/a,n/a,n/a,uncertain,uncertain,uncertain,n/a,uncertain,uncertain,uncertain,uncertain,uncertain,uncertain,unattributed,medium,fair,partial reverse macro hull masts AY LIBERT; normal strike
photos/first500/first500-225.jpg,first500,reverse,D,n/a,n/a,n/a,uncertain,uncertain,uncertain,n/a,uncertain,uncertain,uncertain,uncertain,uncertain,uncertain,unattributed,medium,fair,partial reverse macro bow sail D mintmark MA; normal strike
photos/first500/first500-226.jpg,first500,reverse,D,n/a,n/a,n/a,uncertain,uncertain,uncertain,n/a,uncertain,uncertain,uncertain,uncertain,uncertain,uncertain,unattributed,medium,fair,partial reverse macro bow sail D mintmark MA; normal strike
photos/first500/first500-227.jpg,first500,reverse,D,n/a,n/a,n/a,uncertain,uncertain,uncertain,n/a,uncertain,uncertain,uncertain,uncertain,uncertain,uncertain,unattributed,medium,fair,partial reverse macro bow sail D mintmark; normal strike
photos/first500/first500-228.jpg,first500,reverse,D,n/a,n/a,n/a,uncertain,uncertain,uncertain,n/a,uncertain,uncertain,uncertain,uncertain,uncertain,uncertain,unattributed,medium,fair,partial reverse macro bow sail D mintmark; normal strike
photos/first500/first500-229.jpg,first500,reverse,D,n/a,n/a,n/a,uncertain,uncertain,uncertain,n/a,uncertain,uncertain,uncertain,uncertain,uncertain,uncertain,unattributed,medium,fair,partial reverse macro left edge bow sail D mintmark; bow region shows no phantom chip
photos/first500/first500-230.jpg,first500,reverse,D,n/a,n/a,n/a,uncertain,uncertain,uncertain,n/a,uncertain,uncertain,uncertain,uncertain,uncertain,uncertain,unattributed,medium,fair,partial reverse macro left edge bow sail D mintmark; bow region shows no phantom chip
photos/first500/first500-231.jpg,first500,reverse,uncertain,n/a,n/a,n/a,uncertain,uncertain,uncertain,n/a,uncertain,uncertain,uncertain,uncertain,uncertain,uncertain,unattributed,medium,fair,partial reverse macro midship masts sails; normal strike
photos/first500/first500-232.jpg,first500,reverse,uncertain,n/a,n/a,n/a,uncertain,uncertain,uncertain,n/a,uncertain,uncertain,uncertain,uncertain,uncertain,uncertain,unattributed,medium,fair,partial reverse macro midship masts sails; normal strike
photos/first500/first500-233.jpg,first500,reverse,uncertain,n/a,n/a,n/a,uncertain,uncertain,uncertain,n/a,uncertain,uncertain,uncertain,uncertain,uncertain,uncertain,unattributed,medium,fair,partial reverse macro sails rigging upper masts; normal strike
photos/first500/first500-234.jpg,first500,reverse,uncertain,n/a,n/a,n/a,uncertain,uncertain,uncertain,n/a,uncertain,uncertain,uncertain,uncertain,uncertain,uncertain,unattributed,medium,fair,partial reverse macro sails rigging upper masts; normal strike
photos/first500/first500-235.jpg,first500,reverse,unknown,n/a,n/a,n/a,uncertain,uncertain,uncertain,n/a,absent,absent,absent,uncertain,uncertain,uncertain,unattributed,medium,fair,dark mast top close-up; phantom area hard to assess
photos/first500/first500-236.jpg,first500,reverse,unknown,n/a,n/a,n/a,none,uncertain,uncertain,n/a,absent,absent,absent,uncertain,uncertain,uncertain,unattributed,medium,fair,crows nest and mast top; no bird figure
photos/first500/first500-237.jpg,first500,reverse,unknown,n/a,n/a,n/a,none,uncertain,uncertain,n/a,absent,absent,absent,uncertain,uncertain,uncertain,unattributed,medium,fair,crows nest and mast top; no bird figure
photos/first500/first500-238.jpg,first500,reverse,unknown,n/a,n/a,n/a,none,uncertain,uncertain,n/a,absent,absent,absent,uncertain,uncertain,uncertain,unattributed,medium,fair,mast and rigging; front of mast clear; no phantom
photos/first500/first500-239.jpg,first500,reverse,unknown,n/a,n/a,n/a,none,uncertain,uncertain,n/a,absent,absent,absent,uncertain,uncertain,uncertain,unattributed,medium,fair,mast and rigging; no phantom
photos/first500/first500-240.jpg,first500,reverse,unknown,n/a,n/a,n/a,none,uncertain,uncertain,n/a,absent,absent,absent,uncertain,uncertain,uncertain,unattributed,medium,fair,top of mast under STATES legend; no phantom
photos/first500/first500-241.jpg,first500,reverse,unknown,n/a,n/a,n/a,none,uncertain,uncertain,n/a,absent,absent,absent,uncertain,uncertain,uncertain,unattributed,medium,fair,sail left of mast with small bump; no bird figure at mast
photos/first500/first500-242.jpg,first500,reverse,unknown,n/a,n/a,n/a,none,uncertain,uncertain,n/a,absent,absent,absent,uncertain,uncertain,uncertain,unattributed,medium,fair,sail left of mast; no phantom
photos/first500/first500-243.jpg,first500,reverse,unknown,n/a,n/a,n/a,none,uncertain,uncertain,n/a,absent,absent,absent,uncertain,uncertain,uncertain,unattributed,medium,fair,mast and sail close-up; no phantom
photos/first500/first500-244.jpg,first500,reverse,unknown,n/a,n/a,n/a,none,uncertain,uncertain,n/a,absent,absent,absent,uncertain,uncertain,uncertain,unattributed,medium,fair,mast and sail close-up; no phantom
photos/first500/first500-245.jpg,first500,reverse,unknown,n/a,n/a,n/a,none,uncertain,uncertain,n/a,absent,absent,absent,uncertain,uncertain,uncertain,unattributed,medium,fair,yardarm and mast; no phantom
photos/first500/first500-246.jpg,first500,reverse,unknown,n/a,n/a,n/a,none,uncertain,uncertain,n/a,absent,absent,absent,uncertain,uncertain,uncertain,unattributed,medium,fair,yardarm and mast; no phantom
photos/first500/first500-247.jpg,first500,reverse,unknown,n/a,n/a,n/a,none,uncertain,uncertain,n/a,absent,absent,absent,uncertain,uncertain,uncertain,unattributed,medium,fair,yardarm and mast; no phantom
photos/first500/first500-248.jpg,first500,reverse,unknown,n/a,n/a,n/a,none,uncertain,uncertain,n/a,absent,absent,absent,uncertain,uncertain,uncertain,unattributed,medium,fair,yardarm and mast; no phantom
photos/first500/first500-249.jpg,first500,reverse,unknown,n/a,n/a,n/a,n/a,n/a,n/a,n/a,absent,absent,absent,absent,uncertain,uncertain,unattributed,medium,fair,stern and sail with ERICA 25 legend; mast out of frame
photos/first500/first500-250.jpg,first500,reverse,unknown,n/a,n/a,n/a,n/a,n/a,n/a,n/a,absent,absent,absent,absent,uncertain,uncertain,unattributed,medium,fair,stern and sail with ERICA 25 legend; mast out of frame
photos/first500/first500-251.jpg,first500,reverse,unknown,n/a,n/a,n/a,n/a,n/a,n/a,n/a,absent,absent,absent,absent,uncertain,uncertain,unattributed,medium,fair,stern and sail with ERICA 25 legend; mast out of frame
photos/first500/first500-252.jpg,first500,reverse,unknown,n/a,n/a,n/a,n/a,n/a,n/a,n/a,absent,absent,absent,absent,uncertain,uncertain,unattributed,medium,fair,AMERICA rim and spar; mast out of frame
photos/first500/first500-253.jpg,first500,reverse,unknown,n/a,n/a,n/a,n/a,n/a,n/a,n/a,absent,absent,absent,absent,uncertain,uncertain,unattributed,medium,fair,RICA 25c rim; mast out of frame
photos/first500/first500-254.jpg,first500,reverse,unknown,n/a,n/a,n/a,n/a,n/a,n/a,n/a,absent,absent,absent,absent,uncertain,uncertain,unattributed,medium,fair,OF AMERICA rim; mast out of frame
photos/first500/first500-255.jpg,first500,reverse,unknown,n/a,n/a,n/a,n/a,n/a,n/a,n/a,absent,absent,absent,absent,uncertain,uncertain,unattributed,medium,fair,AMERICA 5c rim; mast out of frame
photos/first500/first500-256.jpg,first500,reverse,unknown,n/a,n/a,n/a,n/a,n/a,n/a,n/a,absent,absent,absent,absent,uncertain,uncertain,unattributed,medium,fair,AMERICA rim; mast out of frame
photos/first500/first500-257.jpg,first500,reverse,unknown,n/a,n/a,n/a,n/a,n/a,n/a,n/a,absent,absent,absent,absent,uncertain,uncertain,unattributed,medium,fair,AMERICA rim; mast out of frame
photos/first500/first500-258.jpg,first500,reverse,unknown,n/a,n/a,n/a,n/a,n/a,n/a,n/a,absent,absent,absent,absent,uncertain,uncertain,unattributed,medium,fair,sail and 25c; mast out of frame
photos/first500/first500-259.jpg,first500,reverse,unknown,n/a,n/a,n/a,uncertain,uncertain,uncertain,n/a,absent,absent,absent,uncertain,uncertain,uncertain,unattributed,low,fair,STATES OF with mast front only at right edge; partial view
photos/first500/first500-260.jpg,first500,reverse,unknown,n/a,n/a,n/a,uncertain,uncertain,uncertain,n/a,absent,absent,absent,uncertain,uncertain,uncertain,unattributed,low,fair,STATES OF with mast from above; phantom area unclear
photos/first500/first500-261.jpg,first500,reverse,unknown,n/a,n/a,n/a,n/a,n/a,n/a,n/a,absent,absent,absent,absent,uncertain,uncertain,unattributed,medium,fair,UNITED legend and sail; mast out of frame
photos/first500/first500-262.jpg,first500,reverse,unknown,n/a,n/a,n/a,n/a,n/a,n/a,n/a,absent,absent,absent,absent,uncertain,uncertain,unattributed,medium,fair,UNITED legend and sail; mast out of frame
photos/first500/first500-263.jpg,first500,reverse,unknown,n/a,n/a,n/a,n/a,n/a,n/a,n/a,absent,absent,absent,absent,uncertain,uncertain,unattributed,medium,fair,sail and UNIT legend; mast out of frame
photos/first500/first500-264.jpg,first500,reverse,unknown,n/a,n/a,n/a,n/a,n/a,n/a,n/a,absent,absent,absent,absent,uncertain,uncertain,unattributed,medium,fair,hull and wave detail; mast out of frame
photos/first500/first500-265.jpg,first500,obverse,unknown,uncertain,uncertain,uncertain,n/a,n/a,n/a,absent,absent,absent,absent,absent,uncertain,uncertain,unattributed,medium,fair,lady face close-up; hand and arm out of frame
photos/first500/first500-266.jpg,first500,obverse,unknown,uncertain,uncertain,uncertain,n/a,n/a,n/a,absent,absent,absent,absent,absent,uncertain,uncertain,unattributed,medium,fair,E PLURIBUS and hat; hand and arm out of frame
photos/first500/first500-267.jpg,first500,obverse,unknown,uncertain,uncertain,uncertain,n/a,n/a,n/a,uncertain,absent,absent,absent,absent,uncertain,uncertain,unattributed,medium,fair,PLURIBUS and hat; hand and arm out of frame
photos/first500/first500-268.jpg,first500,obverse,unknown,uncertain,uncertain,uncertain,n/a,n/a,n/a,uncertain,absent,absent,absent,absent,uncertain,uncertain,unattributed,medium,fair,BUS UNUM rim; head barely in frame
photos/first500/first500-269.jpg,first500,obverse,P,uncertain,uncertain,uncertain,n/a,n/a,n/a,absent,absent,absent,absent,absent,uncertain,uncertain,unattributed,medium,fair,lady head and hand with P mintmark; wrist cropped
photos/first500/first500-270.jpg,first500,obverse,unknown,uncertain,uncertain,uncertain,n/a,n/a,n/a,absent,absent,absent,absent,absent,uncertain,uncertain,unattributed,medium,fair,male pilgrim face; lady hand out of frame
photos/first500/first500-271.jpg,first500,obverse,unknown,uncertain,uncertain,uncertain,n/a,n/a,n/a,absent,absent,absent,absent,absent,uncertain,uncertain,unattributed,medium,fair,male pilgrim hat and face; lady hand out of frame
photos/first500/first500-272.jpg,first500,obverse,unknown,uncertain,uncertain,uncertain,n/a,n/a,n/a,uncertain,absent,absent,absent,absent,uncertain,uncertain,unattributed,low,fair,hair and drapery curls; marker region ambiguous
photos/first500/first500-273.jpg,first500,obverse,unknown,uncertain,uncertain,uncertain,n/a,n/a,n/a,uncertain,absent,absent,absent,absent,uncertain,uncertain,unattributed,low,fair,hair and drapery curls; marker region ambiguous
photos/first500/first500-274.jpg,first500,non_coin,unknown,n/a,n/a,n/a,n/a,n/a,n/a,n/a,n/a,n/a,n/a,n/a,n/a,n/a,unattributed,high,fair,non-coin; red fabric with bottle cap and wood item; no coin visible
photos/first500/first500-275.jpg,first500,non_coin,unknown,n/a,n/a,n/a,n/a,n/a,n/a,n/a,n/a,n/a,n/a,n/a,n/a,n/a,unattributed,high,fair,non-coin; printed QR code on striped fabric; no coin visible
photos/first500/first500-276.jpg,first500,reverse,unknown,n/a,n/a,n/a,n/a,n/a,n/a,n/a,absent,absent,absent,absent,absent,absent,unattributed,medium,fair,microscope screen capture; reverse hull and deck crop; mast front not in frame; no anomalies seen
photos/first500/first500-277.jpg,first500,obverse,unknown,uncertain,uncertain,uncertain,n/a,n/a,n/a,uncertain,absent,absent,absent,absent,absent,uncertain,unattributed,medium,fair,macro crop; IN lettering and drapery; hand/arm region not in frame
photos/first500/first500-278.jpg,first500,obverse,unknown,uncertain,uncertain,uncertain,n/a,n/a,n/a,uncertain,absent,absent,absent,absent,absent,uncertain,unattributed,medium,fair,macro crop; IN lettering and drapery; hand/arm region not in frame
photos/first500/first500-279.jpg,first500,obverse,unknown,uncertain,uncertain,uncertain,n/a,n/a,n/a,uncertain,absent,absent,absent,absent,absent,absent,unattributed,medium,fair,macro crop; sleeve/drapery region; hand and wrist junction not clearly visible
photos/first500/first500-280.jpg,first500,obverse,unknown,uncertain,uncertain,uncertain,n/a,n/a,n/a,uncertain,absent,absent,absent,absent,absent,absent,unattributed,medium,fair,macro crop; TRUST lettering and drapery; hand region not in frame
photos/first500/first500-281.jpg,first500,obverse,unknown,n/a,n/a,n/a,n/a,n/a,n/a,absent,absent,absent,absent,absent,absent,absent,unattributed,medium,fair,bearded male portrait; not the pilgrim obverse; no face cracks seen
photos/first500/first500-282.jpg,first500,obverse,unknown,n/a,n/a,n/a,n/a,n/a,n/a,absent,absent,absent,absent,absent,absent,absent,unattributed,medium,fair,bearded male portrait; not the pilgrim obverse; no face cracks seen
photos/first500/first500-283.jpg,first500,obverse,unknown,n/a,n/a,n/a,n/a,n/a,n/a,absent,absent,absent,absent,absent,absent,absent,unattributed,medium,fair,bearded male portrait; not the pilgrim obverse; no face cracks seen
photos/first500/first500-284.jpg,first500,reverse,unknown,n/a,n/a,n/a,n/a,n/a,n/a,n/a,absent,absent,absent,absent,absent,absent,unattributed,medium,fair,reverse lettering crop; PLURIBUS UNUM area; no anomalies seen
photos/first500/first500-285.jpg,first500,obverse,P,uncertain,uncertain,uncertain,n/a,n/a,n/a,absent,absent,absent,absent,absent,absent,absent,unattributed,medium,fair,P obverse; bonnet crop; no cracks on bonnet; hand/arm region not in frame
photos/first500/first500-286.jpg,first500,obverse,unknown,uncertain,uncertain,uncertain,n/a,n/a,n/a,absent,absent,absent,absent,absent,absent,absent,unattributed,medium,fair,obverse face crop; pilgrim lady face; no face cracks seen; hand region not in frame
photos/first500/first500-287.jpg,first500,obverse,unknown,uncertain,uncertain,uncertain,n/a,n/a,n/a,uncertain,absent,absent,absent,absent,absent,absent,unattributed,medium,fair,obverse arm/drapery crop; marker regions ambiguous; small dark spot may be shadow
photos/first500/first500-288.jpg,first500,reverse,unknown,n/a,n/a,n/a,n/a,n/a,n/a,n/a,absent,absent,absent,absent,absent,absent,unattributed,medium,fair,reverse crop; UNITED lettering and sail edge; mast front not in frame; no anomalies
photos/first500/first500-289.jpg,first500,reverse,unknown,n/a,n/a,n/a,n/a,n/a,n/a,n/a,absent,absent,absent,uncertain,absent,absent,unattributed,medium,fair,reverse rim and UN lettering crop; tiny dot in field may be chip or speck
photos/first500/first500-290.jpg,first500,reverse,unknown,n/a,n/a,n/a,n/a,n/a,n/a,n/a,absent,absent,absent,absent,absent,absent,unattributed,medium,fair,reverse ON lettering and sail curve crop; no anomalies seen
photos/first500/first500-291.jpg,first500,reverse,unknown,n/a,n/a,n/a,n/a,n/a,n/a,n/a,absent,absent,absent,absent,absent,absent,unattributed,medium,fair,reverse UNIT lettering crop; sail edge below; no anomalies seen
photos/first500/first500-292.jpg,first500,reverse,unknown,n/a,n/a,n/a,n/a,n/a,n/a,n/a,absent,absent,absent,absent,absent,absent,unattributed,medium,fair,reverse U lettering and sail ropes crop; no anomalies seen
photos/first500/first500-293.jpg,first500,reverse,unknown,n/a,n/a,n/a,n/a,n/a,n/a,n/a,absent,absent,absent,absent,absent,absent,unattributed,medium,fair,reverse STATES OF AMERICA lettering; mast top with flag at left; no anomalies seen
photos/first500/first500-294.jpg,first500,reverse,unknown,n/a,n/a,n/a,n/a,n/a,n/a,n/a,absent,absent,absent,absent,absent,absent,unattributed,medium,fair,reverse hull macro; deck planking and water lines; no anomalies seen
photos/first500/first500-295.jpg,first500,reverse,unknown,n/a,n/a,n/a,n/a,n/a,n/a,n/a,absent,absent,absent,uncertain,absent,absent,unattributed,medium,fair,reverse bow area macro; small dot on hull planking may be chip or speck
photos/first500/first500-296.jpg,first500,obverse,unknown,uncertain,uncertain,uncertain,n/a,n/a,n/a,uncertain,absent,absent,absent,absent,absent,absent,unattributed,medium,fair,obverse NI lettering and sleeve crop; hand region not in frame
photos/first500/first500-297.jpg,first500,reverse,unknown,n/a,n/a,n/a,uncertain,uncertain,uncertain,n/a,absent,absent,absent,absent,absent,absent,unattributed,medium,fair,full coin reverse; MAYFLOWER COMPACT; mast front too small in frame to assess
photos/first500/first500-298.jpg,first500,reverse,unknown,n/a,n/a,n/a,uncertain,uncertain,uncertain,n/a,absent,absent,absent,absent,absent,absent,unattributed,medium,fair,full coin reverse on flip; MAYFLOWER COMPACT; mast front too small in frame to assess
photos/first500/first500-299.jpg,first500,reverse,unknown,n/a,n/a,n/a,uncertain,uncertain,uncertain,n/a,absent,absent,absent,absent,absent,absent,unattributed,medium,fair,full coin reverse on flip; MAYFLOWER COMPACT; mast front too small to assess
photos/first500/first500-300.jpg,first500,obverse,unknown,uncertain,uncertain,uncertain,n/a,n/a,n/a,uncertain,absent,absent,absent,absent,absent,absent,unattributed,medium,fair,full coin obverse on flip; lady pilgrim and male pilgrim; 1776-2026; markers too small to assess
photos/first500/first500-301.jpg,first500,obverse,unknown,uncertain,uncertain,uncertain,n/a,n/a,n/a,uncertain,absent,absent,absent,absent,absent,absent,unattributed,medium,fair,full coin obverse on flip; lady pilgrim and male pilgrim; 1776-2026; markers too small to assess
photos/first500/first500-302.jpg,first500,obverse,unknown,uncertain,uncertain,uncertain,n/a,n/a,n/a,uncertain,absent,absent,absent,absent,absent,absent,unattributed,medium,fair,obverse partial crop; IN GOD WE TRUST and lady pilgrim arm; markers too small to assess
photos/first500/first500-303.jpg,first500,reverse,unknown,n/a,n/a,n/a,uncertain,uncertain,uncertain,n/a,absent,absent,absent,absent,absent,absent,unattributed,medium,fair,full coin reverse on flip; MAYFLOWER COMPACT; mast front too small to assess
photos/first500/first500-304.jpg,first500,reverse,unknown,n/a,n/a,n/a,uncertain,uncertain,uncertain,n/a,absent,absent,absent,absent,absent,absent,unattributed,medium,fair,full coin reverse on flip marked 2; MAYFLOWER COMPACT; mast front too small to assess
photos/first500/first500-305.jpg,first500,reverse,unknown,n/a,n/a,n/a,uncertain,uncertain,uncertain,n/a,absent,absent,absent,absent,absent,absent,unattributed,medium,fair,full coin reverse on flip marked 2; MAYFLOWER COMPACT; mast front too small to assess
photos/first500/first500-306.jpg,first500,obverse,unknown,uncertain,uncertain,uncertain,n/a,n/a,n/a,uncertain,absent,absent,absent,absent,absent,absent,unattributed,medium,fair,full coin obverse on flip marked 2; lady and male pilgrims; markers too small to assess
photos/first500/first500-307.jpg,first500,obverse,unknown,uncertain,uncertain,uncertain,n/a,n/a,n/a,uncertain,absent,absent,absent,absent,absent,absent,unattributed,medium,fair,full coin obverse on flip marked 2; lady and male pilgrims; markers too small to assess
photos/first500/first500-308.jpg,first500,obverse,unknown,uncertain,uncertain,uncertain,n/a,n/a,n/a,uncertain,absent,absent,absent,absent,absent,absent,unattributed,medium,fair,obverse partial crop; 1776-2026 and IN GOD WE TRUST; hand region partially visible; markers unclear
photos/first500/first500-309.jpg,first500,obverse,unknown,uncertain,uncertain,uncertain,n/a,n/a,n/a,uncertain,absent,absent,absent,absent,absent,absent,unattributed,medium,fair,obverse partial crop; lady pilgrim hand and arm visible; markers unclear at this size
photos/first500/first500-310.jpg,first500,reverse,unknown,n/a,n/a,n/a,uncertain,uncertain,uncertain,n/a,absent,absent,absent,absent,absent,absent,unattributed,medium,fair,full coin reverse on flip marked M; MAYFLOWER COMPACT; mast front too small to assess
photos/first500/first500-311.jpg,first500,reverse,unknown,n/a,n/a,n/a,uncertain,uncertain,uncertain,n/a,absent,absent,absent,absent,absent,absent,unattributed,medium,fair,full coin reverse on flip marked M; MAYFLOWER COMPACT; mast front too small to assess
photos/first500/first500-312.jpg,first500,obverse,unknown,uncertain,uncertain,uncertain,n/a,n/a,n/a,uncertain,absent,absent,absent,absent,absent,absent,unattributed,medium,fair,full coin obverse on flip marked M; lady and male pilgrims; markers too small to assess
photos/first500/first500-313.jpg,first500,obverse,unknown,uncertain,uncertain,uncertain,n/a,n/a,n/a,uncertain,absent,absent,absent,uncertain,uncertain,uncertain,unattributed,low,poor,dim shot; paper tag M
photos/first500/first500-314.jpg,first500,obverse,unknown,uncertain,uncertain,uncertain,n/a,n/a,n/a,uncertain,absent,absent,absent,uncertain,uncertain,uncertain,unattributed,low,fair,paper tag F
photos/first500/first500-315.jpg,first500,obverse,unknown,uncertain,uncertain,uncertain,n/a,n/a,n/a,uncertain,absent,absent,absent,uncertain,uncertain,uncertain,unattributed,low,fair,paper tag F
photos/first500/first500-316.jpg,first500,reverse,unknown,n/a,n/a,n/a,uncertain,uncertain,uncertain,n/a,absent,absent,absent,uncertain,uncertain,uncertain,unattributed,low,fair,reverse view; paper tag F
photos/first500/first500-317.jpg,first500,reverse,unknown,n/a,n/a,n/a,uncertain,uncertain,uncertain,n/a,absent,absent,absent,uncertain,uncertain,uncertain,unattributed,low,fair,reverse view; paper tag F
photos/first500/first500-318.jpg,first500,reverse,unknown,n/a,n/a,n/a,uncertain,uncertain,uncertain,n/a,absent,absent,absent,uncertain,uncertain,uncertain,unattributed,low,fair,reverse view; paper tag 5
photos/first500/first500-319.jpg,first500,obverse,unknown,uncertain,uncertain,uncertain,n/a,n/a,n/a,uncertain,absent,absent,absent,uncertain,uncertain,uncertain,unattributed,low,fair,paper tag 5
photos/first500/first500-320.jpg,first500,obverse,unknown,uncertain,uncertain,uncertain,n/a,n/a,n/a,uncertain,absent,absent,absent,uncertain,uncertain,uncertain,unattributed,low,fair,paper tag 5
photos/first500/first500-321.jpg,first500,reverse,unknown,n/a,n/a,n/a,uncertain,uncertain,uncertain,n/a,absent,absent,absent,uncertain,uncertain,uncertain,unattributed,low,fair,reverse view; paper tag 6
photos/first500/first500-322.jpg,first500,reverse,unknown,n/a,n/a,n/a,uncertain,uncertain,uncertain,n/a,absent,absent,absent,uncertain,uncertain,uncertain,unattributed,low,fair,reverse view; paper tag 6
photos/first500/first500-323.jpg,first500,obverse,unknown,uncertain,uncertain,uncertain,n/a,n/a,n/a,uncertain,absent,absent,absent,uncertain,uncertain,uncertain,unattributed,low,fair,paper tag 6
photos/first500/first500-324.jpg,first500,obverse,unknown,uncertain,uncertain,uncertain,n/a,n/a,n/a,uncertain,absent,absent,absent,uncertain,uncertain,uncertain,unattributed,low,fair,paper tag 6
photos/first500/first500-325.jpg,first500,obverse,unknown,uncertain,uncertain,uncertain,n/a,n/a,n/a,uncertain,absent,absent,absent,uncertain,uncertain,uncertain,unattributed,low,fair,paper tag 7
photos/first500/first500-326.jpg,first500,obverse,unknown,uncertain,uncertain,uncertain,n/a,n/a,n/a,uncertain,absent,absent,absent,uncertain,uncertain,uncertain,unattributed,low,poor,dim shot; paper tag 7
photos/first500/first500-327.jpg,first500,obverse,unknown,uncertain,uncertain,uncertain,n/a,n/a,n/a,uncertain,absent,absent,absent,uncertain,uncertain,uncertain,unattributed,low,fair,paper tag 7
photos/first500/first500-328.jpg,first500,reverse,unknown,n/a,n/a,n/a,uncertain,uncertain,uncertain,n/a,absent,absent,absent,uncertain,uncertain,uncertain,unattributed,low,fair,reverse view; paper tag 7
photos/first500/first500-329.jpg,first500,reverse,unknown,n/a,n/a,n/a,uncertain,uncertain,uncertain,n/a,absent,absent,absent,uncertain,uncertain,uncertain,unattributed,low,fair,reverse view; paper tag 7
photos/first500/first500-330.jpg,first500,reverse,unknown,n/a,n/a,n/a,uncertain,uncertain,uncertain,n/a,absent,absent,absent,uncertain,uncertain,uncertain,unattributed,low,fair,reverse view; paper tag 8
photos/first500/first500-331.jpg,first500,reverse,unknown,n/a,n/a,n/a,uncertain,uncertain,uncertain,n/a,absent,absent,absent,uncertain,uncertain,uncertain,unattributed,low,fair,reverse view; paper tag 8
photos/first500/first500-332.jpg,first500,obverse,unknown,uncertain,uncertain,uncertain,n/a,n/a,n/a,uncertain,absent,absent,absent,uncertain,uncertain,uncertain,unattributed,low,fair,paper tag 8
photos/first500/first500-333.jpg,first500,obverse,unknown,uncertain,uncertain,uncertain,n/a,n/a,n/a,uncertain,absent,absent,absent,uncertain,uncertain,uncertain,unattributed,low,fair,paper tag 8
photos/first500/first500-334.jpg,first500,obverse,unknown,uncertain,uncertain,uncertain,n/a,n/a,n/a,uncertain,absent,absent,absent,uncertain,uncertain,uncertain,unattributed,low,fair,paper tag 8
photos/first500/first500-335.jpg,first500,reverse,unknown,n/a,n/a,n/a,uncertain,uncertain,uncertain,n/a,absent,absent,absent,uncertain,uncertain,uncertain,unattributed,low,fair,reverse view; paper tag 9
photos/first500/first500-336.jpg,first500,reverse,unknown,n/a,n/a,n/a,uncertain,uncertain,uncertain,n/a,absent,absent,absent,uncertain,uncertain,uncertain,unattributed,low,fair,reverse view; paper tag 9
photos/first500/first500-337.jpg,first500,obverse,unknown,uncertain,uncertain,uncertain,n/a,n/a,n/a,uncertain,absent,absent,absent,uncertain,uncertain,uncertain,unattributed,low,fair,paper tag 9
photos/first500/first500-338.jpg,first500,obverse,unknown,uncertain,uncertain,uncertain,n/a,n/a,n/a,uncertain,absent,absent,absent,uncertain,uncertain,uncertain,unattributed,low,fair,paper tag 9
photos/first500/first500-339.jpg,first500,reverse,unknown,n/a,n/a,n/a,uncertain,uncertain,uncertain,n/a,absent,absent,absent,uncertain,uncertain,uncertain,unattributed,low,fair,reverse view; no paper tag visible
photos/first500/first500-340.jpg,first500,obverse,unknown,uncertain,uncertain,uncertain,n/a,n/a,n/a,uncertain,absent,absent,absent,uncertain,uncertain,uncertain,unattributed,low,fair,no paper tag visible
photos/first500/first500-341.jpg,first500,reverse,unknown,n/a,n/a,n/a,uncertain,uncertain,uncertain,n/a,absent,absent,absent,uncertain,uncertain,uncertain,unattributed,low,fair,reverse view; paper tag 10
photos/first500/first500-342.jpg,first500,reverse,unknown,n/a,n/a,n/a,uncertain,uncertain,uncertain,n/a,absent,absent,absent,uncertain,uncertain,uncertain,unattributed,low,fair,reverse view; paper tag 10
photos/first500/first500-343.jpg,first500,obverse,unknown,uncertain,uncertain,uncertain,n/a,n/a,n/a,uncertain,absent,absent,absent,uncertain,uncertain,uncertain,unattributed,low,fair,paper tag 10
photos/first500/first500-344.jpg,first500,obverse,unknown,uncertain,uncertain,uncertain,n/a,n/a,n/a,uncertain,absent,absent,absent,uncertain,uncertain,uncertain,unattributed,low,fair,paper tag 10
photos/first500/first500-345.jpg,first500,obverse,unknown,uncertain,uncertain,uncertain,n/a,n/a,n/a,uncertain,absent,absent,absent,uncertain,uncertain,uncertain,unattributed,low,fair,paper tag 10
photos/first500/first500-346.jpg,first500,obverse,unknown,uncertain,uncertain,uncertain,n/a,n/a,n/a,uncertain,absent,absent,absent,uncertain,uncertain,uncertain,unattributed,low,fair,paper tag 10
photos/first500/first500-347.mp4,first500,obverse,unknown,uncertain,uncertain,uncertain,n/a,n/a,n/a,uncertain,absent,absent,absent,uncertain,uncertain,uncertain,unattributed,low,poor,video frame; blurry obverse close-up of pilgrim figures
photos/first500/first500-348.jpg,first500,reverse,unknown,n/a,n/a,n/a,uncertain,uncertain,uncertain,n/a,absent,absent,absent,uncertain,uncertain,uncertain,unattributed,low,fair,reverse view; paper tag 11; dark blue felt background
photos/first500/first500-349.jpg,first500,reverse,unknown,n/a,n/a,n/a,uncertain,uncertain,uncertain,n/a,absent,absent,absent,uncertain,uncertain,uncertain,unattributed,low,fair,reverse view; paper tag 11; dark blue felt background
photos/first500/first500-350.jpg,first500,reverse,unknown,n/a,n/a,n/a,uncertain,uncertain,uncertain,n/a,absent,absent,absent,uncertain,uncertain,uncertain,unattributed,low,fair,reverse view; paper tag 11; dark blue felt background
photos/first500/first500-351.jpg,first500,obverse,unknown,uncertain,uncertain,uncertain,n/a,n/a,n/a,uncertain,absent,absent,absent,uncertain,uncertain,uncertain,unattributed,low,fair,paper tag 11; dark blue felt background
photos/first500/first500-352.jpg,first500,obverse,unknown,uncertain,uncertain,uncertain,n/a,n/a,n/a,uncertain,uncertain,uncertain,uncertain,uncertain,uncertain,uncertain,unattributed,low,fair,obverse full coin; card labeled 11; too distant for markers
photos/first500/first500-353.jpg,first500,non_coin,unknown,n/a,n/a,n/a,n/a,n/a,n/a,n/a,n/a,n/a,n/a,n/a,n/a,n/a,unattributed,high,fair,multi-coin group shot; six obverses
photos/first500/first500-354.jpg,first500,non_coin,unknown,n/a,n/a,n/a,n/a,n/a,n/a,n/a,n/a,n/a,n/a,n/a,n/a,n/a,unattributed,high,fair,multi-coin group shot; eight obverses
photos/first500/first500-355.jpg,first500,non_coin,unknown,n/a,n/a,n/a,n/a,n/a,n/a,n/a,n/a,n/a,n/a,n/a,n/a,n/a,unattributed,high,fair,multi-coin group shot; eight obverses
photos/first500/first500-356.jpg,first500,non_coin,unknown,n/a,n/a,n/a,n/a,n/a,n/a,n/a,n/a,n/a,n/a,n/a,n/a,n/a,unattributed,high,fair,multi-coin group shot; seven to eight obverses
photos/first500/first500-357.mp4,first500,non_coin,unknown,n/a,n/a,n/a,n/a,n/a,n/a,n/a,n/a,n/a,n/a,n/a,n/a,n/a,unattributed,high,poor,video frame; car interior; shoe and leg; no coin
photos/first500/first500-358.mp4,first500,non_coin,unknown,n/a,n/a,n/a,n/a,n/a,n/a,n/a,n/a,n/a,n/a,n/a,n/a,n/a,unattributed,high,poor,video frame; outdoor scene with truck and RV; no coin
photos/first500/first500-359.jpg,first500,obverse,D,uncertain,uncertain,uncertain,n/a,n/a,n/a,uncertain,uncertain,uncertain,uncertain,uncertain,uncertain,uncertain,unattributed,medium,fair,obverse close-up lady; D mint; red markup; markers obscured
photos/first500/first500-360.jpg,first500,obverse,D,uncertain,uncertain,uncertain,n/a,n/a,n/a,uncertain,uncertain,uncertain,uncertain,uncertain,uncertain,uncertain,unattributed,medium,fair,obverse close-up arm and hand; D mint; red markup; markers unclear
photos/first500/first500-361.jpg,first500,obverse,unknown,uncertain,uncertain,uncertain,n/a,n/a,n/a,uncertain,uncertain,uncertain,uncertain,uncertain,uncertain,uncertain,unattributed,medium,fair,obverse close-up arm and elbow with 2026 legend; harsh contrast
photos/first500/first500-362.jpg,first500,obverse,unknown,uncertain,uncertain,uncertain,n/a,n/a,n/a,uncertain,uncertain,uncertain,uncertain,uncertain,uncertain,uncertain,unattributed,medium,fair,obverse close-up arm and elbow with 2026 legend; harsh contrast
photos/first500/first500-363.jpg,first500,obverse,unknown,uncertain,uncertain,uncertain,n/a,n/a,n/a,uncertain,uncertain,uncertain,uncertain,uncertain,uncertain,uncertain,unattributed,medium,fair,obverse close-up legend and rim; hand region not in frame
photos/first500/first500-364.jpg,first500,obverse,unknown,uncertain,uncertain,uncertain,n/a,n/a,n/a,uncertain,uncertain,uncertain,uncertain,uncertain,uncertain,uncertain,unattributed,medium,fair,obverse close-up 1776 legend; wrist edge visible; harsh contrast
photos/first500/first500-365.jpg,first500,obverse,unknown,uncertain,uncertain,uncertain,n/a,n/a,n/a,uncertain,uncertain,uncertain,uncertain,uncertain,uncertain,uncertain,unattributed,medium,fair,obverse close-up legend and rim; marker regions not in frame
photos/first500/first500-366.jpg,first500,obverse,unknown,uncertain,uncertain,uncertain,n/a,n/a,n/a,uncertain,uncertain,uncertain,uncertain,uncertain,uncertain,uncertain,unattributed,medium,fair,obverse close-up wrist and 1776 legend; dark; harsh contrast
photos/first500/first500-367.jpg,first500,obverse,unknown,uncertain,uncertain,uncertain,n/a,n/a,n/a,uncertain,uncertain,uncertain,uncertain,uncertain,uncertain,uncertain,unattributed,medium,fair,obverse close-up clasped arms; JS initials; dark
photos/first500/first500-368.jpg,first500,obverse,unknown,uncertain,uncertain,uncertain,n/a,n/a,n/a,uncertain,uncertain,uncertain,uncertain,uncertain,uncertain,uncertain,unattributed,medium,fair,obverse close-up face and E PLURIBUS legend; dark
photos/first500/first500-369.jpg,first500,obverse,unknown,uncertain,uncertain,uncertain,n/a,n/a,n/a,uncertain,uncertain,uncertain,uncertain,uncertain,uncertain,uncertain,unattributed,medium,fair,obverse close-up male pilgrim face; E PLURIBUS legend
photos/first500/first500-370.jpg,first500,obverse,unknown,uncertain,uncertain,uncertain,n/a,n/a,n/a,uncertain,uncertain,uncertain,uncertain,uncertain,uncertain,uncertain,unattributed,medium,fair,obverse close-up male pilgrim face; red markup
photos/first500/first500-371.jpg,first500,obverse,unknown,uncertain,uncertain,uncertain,n/a,n/a,n/a,uncertain,uncertain,uncertain,uncertain,uncertain,uncertain,uncertain,unattributed,medium,fair,obverse close-up male pilgrim face; PLURIBUS UNUM legend; red markup
photos/first500/first500-372.jpg,first500,obverse,unknown,uncertain,uncertain,uncertain,n/a,n/a,n/a,uncertain,uncertain,uncertain,uncertain,uncertain,uncertain,uncertain,unattributed,medium,fair,obverse close-up legend and male face edge; red markup
photos/first500/first500-373.jpg,first500,obverse,unknown,uncertain,uncertain,uncertain,n/a,n/a,n/a,uncertain,uncertain,uncertain,uncertain,uncertain,uncertain,uncertain,unattributed,medium,fair,obverse close-up US UNUM legend and rim; red markup
photos/first500/first500-374.jpg,first500,obverse,D,uncertain,uncertain,uncertain,n/a,n/a,n/a,uncertain,uncertain,uncertain,uncertain,uncertain,uncertain,uncertain,unattributed,medium,fair,obverse close-up lady face and hand; D mint; red markup
photos/first500/first500-375.jpg,first500,obverse,unknown,uncertain,uncertain,uncertain,n/a,n/a,n/a,uncertain,uncertain,uncertain,uncertain,uncertain,uncertain,uncertain,unattributed,medium,fair,obverse close-up lady face and hand; UNUM legend; red markup
photos/first500/first500-376.jpg,first500,obverse,unknown,uncertain,uncertain,uncertain,n/a,n/a,n/a,uncertain,uncertain,uncertain,uncertain,uncertain,uncertain,uncertain,unattributed,medium,fair,obverse close-up lady face and hand; UNUM legend; red markup
photos/first500/first500-377.jpg,first500,obverse,D,uncertain,uncertain,uncertain,n/a,n/a,n/a,uncertain,uncertain,uncertain,uncertain,uncertain,uncertain,uncertain,unattributed,medium,fair,obverse close-up lady face and hand; D mint; JS initials; red markup
photos/first500/first500-378.jpg,first500,obverse,D,uncertain,uncertain,uncertain,n/a,n/a,n/a,uncertain,uncertain,uncertain,uncertain,uncertain,uncertain,uncertain,unattributed,medium,fair,obverse close-up lady face and hand; D mint; JS initials; red markup
photos/first500/first500-379.jpg,first500,obverse,D,uncertain,uncertain,uncertain,n/a,n/a,n/a,uncertain,uncertain,uncertain,uncertain,uncertain,uncertain,uncertain,unattributed,medium,fair,obverse close-up lady face and drapery; D mint; red markup
photos/first500/first500-380.jpg,first500,obverse,unknown,uncertain,uncertain,uncertain,n/a,n/a,n/a,uncertain,uncertain,uncertain,uncertain,uncertain,uncertain,uncertain,unattributed,medium,fair,obverse close-up hand and drapery; red markup; dark
photos/first500/first500-381.jpg,first500,obverse,unknown,uncertain,uncertain,uncertain,n/a,n/a,n/a,uncertain,uncertain,uncertain,uncertain,uncertain,uncertain,uncertain,unattributed,medium,fair,obverse close-up clasped hands and arms; 1776-2026 legend; red markup
photos/first500/first500-382.jpg,first500,obverse,D,uncertain,uncertain,uncertain,n/a,n/a,n/a,uncertain,uncertain,uncertain,uncertain,uncertain,uncertain,uncertain,unattributed,medium,fair,obverse close-up arm and hand; D mint; EC initials; red markup
photos/first500/first500-383.jpg,first500,obverse,D,uncertain,uncertain,uncertain,n/a,n/a,n/a,uncertain,uncertain,uncertain,uncertain,uncertain,uncertain,uncertain,unattributed,medium,fair,obverse close-up hand on shoulder; D mint; EC initials; red markup
photos/first500/first500-384.png,first500,non_coin,unknown,n/a,n/a,n/a,n/a,n/a,n/a,n/a,n/a,n/a,n/a,n/a,n/a,n/a,unattributed,high,good,app screenshot; live auction stream; non-coin
photos/first500/first500-385.png,first500,non_coin,unknown,n/a,n/a,n/a,n/a,n/a,n/a,n/a,n/a,n/a,n/a,n/a,n/a,n/a,unattributed,high,good,phone screenshot; Messenger and Gemini AI page; non-coin
photos/first500/first500-386.png,first500,non_coin,unknown,n/a,n/a,n/a,n/a,n/a,n/a,n/a,n/a,n/a,n/a,n/a,n/a,n/a,unattributed,high,good,phone screenshot; photo crop tool over eagle image; non-coin
photos/first500/first500-387.jpg,first500,non_coin,unknown,n/a,n/a,n/a,n/a,n/a,n/a,n/a,n/a,n/a,n/a,n/a,n/a,n/a,unattributed,high,fair,fabric close-up; no coin visible
photos/first500/first500-388.png,first500,non_coin,unknown,n/a,n/a,n/a,n/a,n/a,n/a,n/a,n/a,n/a,n/a,n/a,n/a,n/a,unattributed,high,good,phone screenshot; Messenger Facebook profile page; non-coin
photos/first500/first500-389.jpg,first500,reverse,unknown,n/a,n/a,n/a,uncertain,uncertain,uncertain,n/a,uncertain,uncertain,uncertain,uncertain,uncertain,uncertain,unattributed,medium,fair,reverse Mayflower ship in holder; note reads Feeder Finger #D101D-A; no clear phantom at this resolution
photos/first500/first500-390.jpg,first500,reverse,unknown,n/a,n/a,n/a,uncertain,uncertain,uncertain,n/a,uncertain,uncertain,uncertain,uncertain,uncertain,uncertain,unattributed,medium,fair,reverse Mayflower ship in holder; note reads Feeder Finger #D101D-A; no clear phantom at this resolution
photos/first500/first500-391.jpg,first500,obverse,unknown,uncertain,uncertain,uncertain,n/a,n/a,n/a,absent,absent,absent,absent,uncertain,absent,uncertain,unattributed,medium,fair,photo rotated 90 degrees; arm region soft; no clear markers
photos/first500/first500-392.jpg,first500,obverse,unknown,uncertain,uncertain,uncertain,n/a,n/a,n/a,absent,absent,absent,absent,uncertain,absent,uncertain,unattributed,medium,fair,photo rotated 90 degrees; arm region soft; no clear markers
photos/first500/first500-393.jpg,first500,obverse,unknown,uncertain,uncertain,uncertain,n/a,n/a,n/a,absent,absent,absent,absent,uncertain,absent,uncertain,unattributed,medium,fair,photo rotated 90 degrees; arm region soft; no clear markers
photos/first500/first500-394.jpg,first500,obverse,unknown,uncertain,uncertain,uncertain,n/a,n/a,n/a,absent,absent,absent,absent,uncertain,absent,uncertain,unattributed,medium,fair,photo rotated 90 degrees; arm region soft; no clear markers
photos/first500/first500-395.jpg,first500,obverse,P,uncertain,uncertain,uncertain,n/a,n/a,n/a,absent,absent,absent,absent,uncertain,absent,uncertain,unattributed,medium,fair,upright obverse; arm region soft; no clear markers
photos/first500/first500-396.jpg,first500,obverse,P,uncertain,uncertain,uncertain,n/a,n/a,n/a,absent,absent,absent,absent,uncertain,absent,uncertain,unattributed,medium,fair,upright obverse; arm region soft; no clear markers
photos/first500/first500-397.jpg,first500,obverse,P,uncertain,uncertain,uncertain,n/a,n/a,n/a,absent,absent,absent,absent,uncertain,absent,uncertain,unattributed,medium,fair,upright obverse; arm region soft; no clear markers
photos/first500/first500-398.jpg,first500,reverse,D,n/a,n/a,n/a,none,absent,no,n/a,absent,absent,absent,absent,absent,uncertain,unattributed,medium,fair,full reverse; mast front clean; no phantom
photos/first500/first500-399.jpg,first500,reverse,D,n/a,n/a,n/a,none,absent,no,n/a,absent,absent,absent,absent,absent,uncertain,unattributed,medium,fair,full reverse; mast front clean; no phantom
photos/first500/first500-400.jpg,first500,reverse,D,n/a,n/a,n/a,none,absent,no,n/a,absent,absent,absent,absent,absent,uncertain,unattributed,medium,fair,full reverse; mast front clean; no phantom
photos/first500/first500-401.jpg,first500,reverse,D,n/a,n/a,n/a,none,absent,no,n/a,absent,absent,absent,absent,absent,uncertain,unattributed,medium,fair,full reverse; mast front clean; no phantom
photos/first500/first500-402.jpg,first500,reverse,unknown,n/a,n/a,n/a,uncertain,uncertain,uncertain,n/a,uncertain,uncertain,uncertain,uncertain,uncertain,uncertain,unattributed,low,poor,microscope monitor macro of sails; phantom region not shown
photos/first500/first500-403.jpg,first500,reverse,unknown,n/a,n/a,n/a,uncertain,uncertain,uncertain,n/a,uncertain,uncertain,uncertain,uncertain,uncertain,uncertain,unattributed,low,poor,microscope monitor macro of sails; phantom region not shown
photos/first500/first500-404.jpg,first500,reverse,unknown,n/a,n/a,n/a,uncertain,uncertain,uncertain,n/a,uncertain,uncertain,uncertain,uncertain,uncertain,uncertain,unattributed,low,poor,microscope monitor macro showing 25c; phantom region not shown
photos/first500/first500-405.jpg,first500,reverse,unknown,n/a,n/a,n/a,uncertain,uncertain,uncertain,n/a,uncertain,uncertain,uncertain,uncertain,uncertain,uncertain,unattributed,low,poor,microscope monitor macro of sails; phantom region not shown
photos/first500/first500-406.jpg,first500,reverse,unknown,n/a,n/a,n/a,uncertain,uncertain,uncertain,n/a,uncertain,uncertain,uncertain,uncertain,uncertain,uncertain,unattributed,low,poor,microscope monitor macro of rigging; phantom region not shown
photos/first500/first500-407.jpg,first500,obverse,unknown,uncertain,uncertain,uncertain,n/a,n/a,n/a,uncertain,uncertain,uncertain,uncertain,uncertain,uncertain,uncertain,unattributed,low,poor,monitor macro of hands at 9.6X; wrist junction partially shown
photos/first500/first500-408.jpg,first500,obverse,unknown,uncertain,uncertain,uncertain,n/a,n/a,n/a,uncertain,uncertain,uncertain,uncertain,uncertain,uncertain,uncertain,unattributed,low,poor,monitor macro of fingers; dark lines are finger detail not markers
photos/first500/first500-409.png,first500,non_coin,none,n/a,n/a,n/a,n/a,n/a,n/a,n/a,n/a,n/a,n/a,n/a,n/a,n/a,unattributed,low,poor,iPhone Unavailable lock screen screenshot
photos/first500/first500-410.png,first500,non_coin,none,n/a,n/a,n/a,n/a,n/a,n/a,n/a,n/a,n/a,n/a,n/a,n/a,n/a,unattributed,low,poor,iPhone lock screen with notifications
photos/first500/first500-411.png,first500,non_coin,none,n/a,n/a,n/a,n/a,n/a,n/a,n/a,n/a,n/a,n/a,n/a,n/a,n/a,unattributed,low,poor,iPhone lock screen with notifications
photos/first500/first500-412.jpg,first500,obverse,none,n/a,n/a,n/a,n/a,n/a,n/a,n/a,n/a,n/a,n/a,n/a,n/a,n/a,unattributed,low,poor,1901 Barber dime obverse; heavily worn; not a Mayflower quarter
photos/first500/first500-413.jpg,first500,obverse,none,n/a,n/a,n/a,n/a,n/a,n/a,n/a,n/a,n/a,n/a,n/a,n/a,n/a,unattributed,low,poor,1901 Barber dime obverse; heavily worn; not a Mayflower quarter
photos/first500/first500-414.jpg,first500,reverse,none,n/a,n/a,n/a,n/a,n/a,n/a,n/a,n/a,n/a,n/a,n/a,n/a,n/a,unattributed,low,poor,1901 Barber dime reverse; heavily worn; not a Mayflower quarter
photos/first500/first500-415.jpg,first500,obverse,unknown,uncertain,uncertain,uncertain,n/a,n/a,n/a,absent,absent,absent,absent,uncertain,absent,uncertain,unattributed,medium,fair,photo rotated 90 degrees; arm region soft; no clear markers
photos/first500/first500-416.jpg,first500,obverse,P,uncertain,uncertain,uncertain,n/a,n/a,n/a,absent,absent,absent,absent,uncertain,absent,uncertain,unattributed,medium,fair,photo rotated; arm region soft; no clear markers
photos/first500/first500-417.jpg,first500,reverse,unknown,n/a,n/a,n/a,none,absent,no,n/a,absent,absent,absent,absent,absent,uncertain,unattributed,medium,fair,photo rotated 90 degrees; mast front clean; no phantom
photos/first500/first500-418.jpg,first500,reverse,unknown,n/a,n/a,n/a,none,absent,no,n/a,absent,absent,absent,absent,absent,uncertain,unattributed,medium,fair,photo rotated 90 degrees; mast front clean; no phantom
photos/first500/first500-419.jpg,first500,reverse,unknown,n/a,n/a,n/a,none,absent,no,n/a,absent,absent,absent,absent,absent,uncertain,unattributed,medium,fair,photo rotated 90 degrees; mast front clean; no phantom
photos/first500/first500-420.jpg,first500,reverse,unknown,n/a,n/a,n/a,uncertain,uncertain,uncertain,n/a,uncertain,uncertain,uncertain,uncertain,uncertain,uncertain,unattributed,low,poor,dark blurry photo with glare; mast region obscured
photos/first500/first500-421.jpg,first500,non_coin,none,n/a,n/a,n/a,n/a,n/a,n/a,n/a,n/a,n/a,n/a,n/a,n/a,n/a,unattributed,low,poor,blurry non-coin photo; no coin visible
photos/first500/first500-422.jpg,first500,obverse,unknown,uncertain,uncertain,uncertain,n/a,n/a,n/a,absent,absent,absent,absent,uncertain,absent,uncertain,unattributed,low,poor,blue blacklight illumination; detail too poor for markers
photos/first500/first500-423.jpg,first500,reverse,D,n/a,n/a,n/a,none,absent,no,n/a,absent,absent,absent,absent,absent,uncertain,unattributed,medium,fair,blue light; mast front clean; no phantom
photos/first500/first500-424.jpg,first500,reverse,D,n/a,n/a,n/a,none,absent,no,n/a,absent,absent,absent,absent,absent,uncertain,unattributed,medium,fair,blue light; mast front clean; no phantom
photos/first500/first500-425.jpg,first500,reverse,D,n/a,n/a,n/a,none,absent,no,n/a,absent,absent,absent,absent,absent,uncertain,unattributed,medium,fair,blue light; mast front clean; no phantom
photos/first500/first500-426.jpg,first500,non_coin,none,n/a,n/a,n/a,n/a,n/a,n/a,n/a,n/a,n/a,n/a,n/a,n/a,n/a,unattributed,medium,fair,group shot of 8 coins under blue light; mixed sides
photos/first500/first500-427.jpg,first500,reverse,unknown,n/a,n/a,n/a,uncertain,uncertain,uncertain,n/a,uncertain,uncertain,uncertain,uncertain,uncertain,uncertain,unattributed,low,fair,rotated dark photo; mast region unclear
photos/first500/first500-428.png,first500,non_coin,none,n/a,n/a,n/a,n/a,n/a,n/a,n/a,n/a,n/a,n/a,n/a,n/a,n/a,unattributed,high,good,Louisiana OMV website screenshot; driver license suspension notice
photos/first500/first500-429.png,first500,non_coin,none,n/a,n/a,n/a,n/a,n/a,n/a,n/a,n/a,n/a,n/a,n/a,n/a,n/a,unattributed,high,fair,LA OMV driver license reinstatement inquiry website screenshot; non-coin
photos/first500/first500-430.png,first500,non_coin,none,n/a,n/a,n/a,n/a,n/a,n/a,n/a,n/a,n/a,n/a,n/a,n/a,n/a,unattributed,high,fair,LA OMV driver license reinstatement inquiry website screenshot; non-coin
photos/first500/first500-431.png,first500,non_coin,none,n/a,n/a,n/a,n/a,n/a,n/a,n/a,n/a,n/a,n/a,n/a,n/a,n/a,unattributed,high,fair,LA OMV driver license reinstatement inquiry website screenshot; non-coin
photos/first500/first500-432.png,first500,non_coin,none,n/a,n/a,n/a,n/a,n/a,n/a,n/a,n/a,n/a,n/a,n/a,n/a,n/a,unattributed,high,fair,LA OMV driver license reinstatement inquiry website screenshot; non-coin
photos/first500/first500-433.png,first500,non_coin,none,n/a,n/a,n/a,n/a,n/a,n/a,n/a,n/a,n/a,n/a,n/a,n/a,n/a,unattributed,high,fair,LA OMV driver license reinstatement inquiry website screenshot; non-coin
photos/first500/first500-434.png,first500,non_coin,none,n/a,n/a,n/a,n/a,n/a,n/a,n/a,n/a,n/a,n/a,n/a,n/a,n/a,unattributed,high,fair,LA OMV driver license reinstatement inquiry website screenshot; non-coin
photos/first500/first500-435.png,first500,non_coin,none,n/a,n/a,n/a,n/a,n/a,n/a,n/a,n/a,n/a,n/a,n/a,n/a,n/a,unattributed,high,fair,LA OMV driver license reinstatement inquiry website screenshot; non-coin
photos/first500/first500-436.png,first500,non_coin,none,n/a,n/a,n/a,n/a,n/a,n/a,n/a,n/a,n/a,n/a,n/a,n/a,n/a,unattributed,high,fair,LA OMV driver license reinstatement inquiry website screenshot; non-coin
photos/first500/first500-437.png,first500,non_coin,none,n/a,n/a,n/a,n/a,n/a,n/a,n/a,n/a,n/a,n/a,n/a,n/a,n/a,unattributed,high,fair,LA OMV driver license reinstatement inquiry website screenshot; non-coin
photos/first500/first500-438.png,first500,non_coin,none,n/a,n/a,n/a,n/a,n/a,n/a,n/a,n/a,n/a,n/a,n/a,n/a,n/a,unattributed,high,fair,LA OMV driver license reinstatement inquiry website screenshot; non-coin
photos/first500/first500-439.png,first500,non_coin,none,n/a,n/a,n/a,n/a,n/a,n/a,n/a,n/a,n/a,n/a,n/a,n/a,n/a,unattributed,high,fair,LA OMV driver license reinstatement inquiry website screenshot; non-coin
photos/first500/first500-440.png,first500,non_coin,none,n/a,n/a,n/a,n/a,n/a,n/a,n/a,n/a,n/a,n/a,n/a,n/a,n/a,unattributed,high,fair,LA OMV driver license reinstatement inquiry website screenshot; non-coin
photos/first500/first500-441.jpg,first500,reverse,P,n/a,n/a,n/a,none,uncertain,uncertain,n/a,absent,absent,absent,absent,absent,absent,unattributed,medium,fair,P reverse rotated in foam holder; no phantom; normal strike
photos/first500/first500-442.jpg,first500,non_coin,none,n/a,n/a,n/a,n/a,n/a,n/a,n/a,n/a,n/a,n/a,n/a,n/a,n/a,unattributed,high,fair,handwritten audit label #0006 on paper; partial holder edge; non-coin
photos/first500/first500-443.jpg,first500,reverse,P,n/a,n/a,n/a,none,uncertain,uncertain,n/a,absent,absent,absent,absent,absent,absent,unattributed,medium,fair,P reverse rotated in foam holder; no phantom; normal strike
photos/first500/first500-444.jpg,first500,reverse,unknown,n/a,n/a,n/a,none,uncertain,uncertain,n/a,absent,absent,absent,absent,absent,absent,unattributed,low,fair,reverse ship rotated and dark in holder; no phantom; normal strike
photos/first500/first500-445.jpg,first500,reverse,unknown,n/a,n/a,n/a,none,uncertain,uncertain,n/a,absent,absent,absent,absent,absent,absent,unattributed,medium,fair,reverse ship rotated in holder; no phantom; normal strike
photos/first500/first500-446.jpg,first500,reverse,unknown,n/a,n/a,n/a,none,absent,no,n/a,absent,absent,absent,absent,absent,uncertain,unattributed,medium,good,close-up bow mast area; no phantom; no mast marks; normal strike
photos/first500/first500-447.jpg,first500,reverse,unknown,n/a,n/a,n/a,none,absent,no,n/a,absent,absent,absent,absent,absent,uncertain,unattributed,medium,good,close-up bow mast area; no phantom; no mast marks; normal strike
photos/first500/first500-448.jpg,first500,obverse,P,absent,absent,absent,n/a,n/a,n/a,absent,absent,absent,absent,absent,absent,absent,unattributed,medium,fair,P obverse full coin rotated; no Die-1 markers; normal strike
photos/first500/first500-449.jpg,first500,obverse,P,absent,absent,absent,n/a,n/a,n/a,absent,absent,absent,absent,absent,absent,absent,unattributed,medium,fair,P obverse full coin rotated; no Die-1 markers; normal strike
photos/first500/first500-450.jpg,first500,obverse,P,absent,absent,absent,n/a,n/a,n/a,absent,absent,absent,absent,absent,absent,absent,unattributed,medium,fair,P obverse angled; hand on shoulder region clear; no markers
photos/first500/first500-451.jpg,first500,obverse,unknown,uncertain,uncertain,uncertain,n/a,n/a,n/a,uncertain,absent,absent,absent,absent,absent,uncertain,unattributed,low,fair,obverse rotated with glare; marker regions ambiguous
photos/first500/first500-452.jpg,first500,non_coin,none,n/a,n/a,n/a,n/a,n/a,n/a,n/a,n/a,n/a,n/a,n/a,n/a,n/a,unattributed,high,good,Discover America on the Mayflower 2026 promo graphic with beach eagle; non-coin
photos/first500/first500-453.jpg,first500,non_coin,none,n/a,n/a,n/a,n/a,n/a,n/a,n/a,n/a,n/a,n/a,n/a,n/a,n/a,unattributed,high,poor,gray foam holder fabric texture close-up; no coin visible; non-coin
photos/first500/first500-454.jpg,first500,reverse,unknown,n/a,n/a,n/a,none,uncertain,uncertain,n/a,absent,absent,absent,absent,absent,absent,unattributed,low,fair,reverse ship w/ audit label Feeder Finger #D10D-A; small coin; no phantom
photos/first500/first500-455.jpg,first500,reverse,unknown,n/a,n/a,n/a,none,uncertain,uncertain,n/a,absent,absent,absent,absent,absent,absent,unattributed,low,fair,reverse ship w/ audit label Feeder Finger #D10D-A; small coin; no phantom
photos/first500/first500-456.jpg,first500,obverse,unknown,absent,absent,absent,n/a,n/a,n/a,absent,absent,absent,absent,absent,absent,absent,unattributed,medium,fair,obverse w/ audit label Feeder Finger #D10D-A; no markers; normal strike
photos/first500/first500-457.jpg,first500,obverse,unknown,absent,absent,absent,n/a,n/a,n/a,absent,absent,absent,absent,absent,absent,absent,unattributed,medium,fair,obverse w/ audit label Feeder Finger #D10D-A; no markers; normal strike
photos/first500/first500-458.jpg,first500,obverse,unknown,absent,absent,absent,n/a,n/a,n/a,absent,absent,absent,absent,absent,absent,absent,unattributed,medium,fair,obverse w/ audit label Feeder Finger #D10D-A; no markers; normal strike
photos/first500/first500-459.jpg,first500,obverse,unknown,absent,absent,absent,n/a,n/a,n/a,absent,absent,absent,absent,absent,absent,absent,unattributed,medium,fair,obverse rotated w/ audit label Feeder Finger #D10D-A; no markers; normal strike
photos/first500/first500-460.jpg,first500,obverse,P,absent,absent,absent,n/a,n/a,n/a,absent,absent,absent,absent,absent,absent,absent,unattributed,high,good,P obverse upright; wrist region clear; no Die-1 markers
photos/first500/first500-461.jpg,first500,obverse,P,absent,absent,absent,n/a,n/a,n/a,absent,absent,absent,absent,absent,absent,absent,unattributed,high,good,P obverse upright; wrist region clear; no Die-1 markers
photos/first500/first500-462.jpg,first500,obverse,P,absent,absent,absent,n/a,n/a,n/a,absent,absent,absent,absent,absent,absent,absent,unattributed,high,good,P obverse upright; wrist region clear; no Die-1 markers
photos/first500/first500-463.jpg,first500,reverse,unknown,n/a,n/a,n/a,none,uncertain,uncertain,n/a,absent,absent,absent,absent,absent,absent,unattributed,medium,fair,reverse ship upright in holder; no phantom; normal strike
photos/first500/first500-464.jpg,first500,reverse,D,n/a,n/a,n/a,none,uncertain,uncertain,n/a,absent,absent,absent,absent,absent,absent,unattributed,medium,fair,D reverse ship upright in holder; no phantom; normal strike
photos/first500/first500-465.jpg,first500,reverse,D,n/a,n/a,n/a,none,uncertain,uncertain,n/a,absent,absent,absent,absent,absent,absent,unattributed,medium,fair,D reverse ship upright in holder; no phantom; normal strike
photos/first500/first500-466.jpg,first500,reverse,D,n/a,n/a,n/a,none,uncertain,uncertain,n/a,absent,absent,absent,absent,absent,absent,unattributed,medium,fair,D reverse ship upright in holder; no phantom; normal strike
photos/first500/first500-467.jpg,first500,non_coin,unknown,n/a,n/a,n/a,n/a,n/a,n/a,n/a,n/a,n/a,n/a,n/a,n/a,n/a,unattributed,high,poor,monitor photo of microscope screen; drapery closeup not assessable
photos/first500/first500-468.jpg,first500,non_coin,unknown,n/a,n/a,n/a,n/a,n/a,n/a,n/a,n/a,n/a,n/a,n/a,n/a,n/a,unattributed,high,poor,monitor photo of microscope screen; drapery closeup not assessable
photos/first500/first500-469.jpg,first500,non_coin,unknown,n/a,n/a,n/a,n/a,n/a,n/a,n/a,n/a,n/a,n/a,n/a,n/a,n/a,unattributed,high,poor,monitor photo of microscope screen; 25C denomination closeup not assessable
photos/first500/first500-470.jpg,first500,non_coin,unknown,n/a,n/a,n/a,n/a,n/a,n/a,n/a,n/a,n/a,n/a,n/a,n/a,n/a,unattributed,high,poor,monitor photo of microscope screen; sail curve closeup not assessable
photos/first500/first500-471.jpg,first500,non_coin,unknown,n/a,n/a,n/a,n/a,n/a,n/a,n/a,n/a,n/a,n/a,n/a,n/a,n/a,unattributed,high,poor,monitor photo of microscope screen; mast junction closeup not assessable
photos/first500/first500-472.jpg,first500,non_coin,unknown,n/a,n/a,n/a,n/a,n/a,n/a,n/a,n/a,n/a,n/a,n/a,n/a,n/a,unattributed,high,poor,monitor photo of microscope screen; pilgrim hand closeup not assessable
photos/first500/first500-473.jpg,first500,non_coin,unknown,n/a,n/a,n/a,n/a,n/a,n/a,n/a,n/a,n/a,n/a,n/a,n/a,n/a,unattributed,high,poor,monitor photo of microscope screen; face hair closeup not assessable
photos/first500/first500-474.jpg,first500,obverse,unknown,n/a,n/a,n/a,n/a,n/a,n/a,n/a,absent,absent,absent,absent,absent,absent,unattributed,medium,fair,1891 Barber dime obverse; not Mayflower; heavily worn; no die anomalies seen
photos/first500/first500-475.jpg,first500,obverse,unknown,n/a,n/a,n/a,n/a,n/a,n/a,n/a,absent,absent,absent,absent,absent,absent,unattributed,medium,fair,1891 Barber dime obverse; not Mayflower; heavily worn; no die anomalies seen
photos/first500/first500-476.jpg,first500,reverse,unknown,n/a,n/a,n/a,n/a,n/a,n/a,n/a,absent,absent,absent,absent,absent,absent,unattributed,medium,fair,1891 Barber dime reverse ONE DIME wreath; not Mayflower; heavily worn
photos/first500/first500-477.jpg,first500,obverse,P,absent,absent,absent,n/a,n/a,n/a,absent,absent,absent,absent,absent,absent,uncertain,unattributed,medium,fair,P obverse full coin; normal strike; hand and arm region visible; no marker anomalies
photos/first500/first500-478.jpg,first500,obverse,P,absent,absent,absent,n/a,n/a,n/a,absent,absent,absent,absent,absent,absent,uncertain,unattributed,medium,fair,P obverse full coin; normal strike; no marker anomalies
photos/first500/first500-479.jpg,first500,reverse,unknown,n/a,n/a,n/a,none,absent,no,n/a,absent,absent,absent,absent,absent,absent,unattributed,medium,fair,Mayflower reverse full coin; normal strike; no phantom or mast marks
photos/first500/first500-480.jpg,first500,reverse,unknown,n/a,n/a,n/a,none,absent,no,n/a,absent,absent,absent,absent,absent,absent,unattributed,medium,fair,Mayflower reverse full coin; normal strike; no phantom or mast marks
photos/first500/first500-481.jpg,first500,reverse,unknown,n/a,n/a,n/a,none,absent,no,n/a,absent,absent,absent,absent,absent,absent,unattributed,medium,fair,Mayflower reverse full coin; normal strike; no phantom or mast marks
photos/first500/first500-482.jpeg,first500,non_coin,unknown,n/a,n/a,n/a,n/a,n/a,n/a,n/a,n/a,n/a,n/a,n/a,n/a,n/a,unattributed,high,poor,phone screenshot of construction blueprint PDF CAMP HOUSES; no coin
photos/first500/first500-483.jpeg,first500,non_coin,unknown,n/a,n/a,n/a,n/a,n/a,n/a,n/a,n/a,n/a,n/a,n/a,n/a,n/a,unattributed,high,poor,phone screenshot of construction blueprint PDF; no coin
photos/first500/first500-484.jpeg,first500,non_coin,unknown,n/a,n/a,n/a,n/a,n/a,n/a,n/a,n/a,n/a,n/a,n/a,n/a,n/a,unattributed,high,good,handwritten metal price list on receipt paper; no coin
photos/first500/first500-485.jpeg,first500,non_coin,unknown,n/a,n/a,n/a,n/a,n/a,n/a,n/a,n/a,n/a,n/a,n/a,n/a,n/a,unattributed,high,poor,phone screenshot of construction blueprint PDF; no coin
photos/first500/first500-486.jpg,first500,non_coin,unknown,n/a,n/a,n/a,n/a,n/a,n/a,n/a,n/a,n/a,n/a,n/a,n/a,n/a,unattributed,high,good,phone screenshot of QR code generator page; no coin
photos/first500/first500-487.jpg,first500,non_coin,unknown,n/a,n/a,n/a,n/a,n/a,n/a,n/a,n/a,n/a,n/a,n/a,n/a,n/a,unattributed,high,good,social media screenshot; MintErrors.org machine doubling graphic; not his coin
photos/first500/first500-488.jpg,first500,non_coin,unknown,n/a,n/a,n/a,n/a,n/a,n/a,n/a,n/a,n/a,n/a,n/a,n/a,n/a,unattributed,high,good,Messenger screenshot of Dennis Tucker chat with AI summarize overlay; no coin
photos/first500/first500-489.jpg,first500,non_coin,unknown,n/a,n/a,n/a,n/a,n/a,n/a,n/a,n/a,n/a,n/a,n/a,n/a,n/a,unattributed,high,good,Reddit r/coinerrors screenshot; 2026 Revolutionary Soldier Quarter thread; social media
photos/first500/first500-490.jpg,first500,non_coin,unknown,n/a,n/a,n/a,n/a,n/a,n/a,n/a,n/a,n/a,n/a,n/a,n/a,n/a,unattributed,high,good,Reddit comments screenshot; die crack discussion; social media
photos/first500/first500-491.jpg,first500,non_coin,unknown,n/a,n/a,n/a,n/a,n/a,n/a,n/a,n/a,n/a,n/a,n/a,n/a,n/a,unattributed,high,good,Reddit comments screenshot; die crack discussion; social media
photos/first500/first500-492.jpg,first500,non_coin,unknown,n/a,n/a,n/a,n/a,n/a,n/a,n/a,n/a,n/a,n/a,n/a,n/a,n/a,unattributed,high,good,Reddit comments screenshot; die chip discussion; social media
photos/first500/first500-493.jpg,first500,non_coin,unknown,n/a,n/a,n/a,n/a,n/a,n/a,n/a,n/a,n/a,n/a,n/a,n/a,n/a,unattributed,high,good,Reddit comments screenshot with three dimes group photo in thread; multi-coin
photos/first500/first500-494.jpg,first500,non_coin,unknown,n/a,n/a,n/a,n/a,n/a,n/a,n/a,n/a,n/a,n/a,n/a,n/a,n/a,unattributed,high,good,Reddit comments screenshot with three dimes group photo; multi-coin
photos/first500/first500-495.jpg,first500,non_coin,unknown,n/a,n/a,n/a,n/a,n/a,n/a,n/a,n/a,n/a,n/a,n/a,n/a,n/a,unattributed,high,good,phone gallery screenshot; 40 stages of crack propagation chart; not his coin
photos/first500/first500-496.jpg,first500,non_coin,unknown,n/a,n/a,n/a,n/a,n/a,n/a,n/a,n/a,n/a,n/a,n/a,n/a,n/a,unattributed,high,good,QR code image; no coin
photos/first500/first500-497.jpg,first500,non_coin,unknown,n/a,n/a,n/a,n/a,n/a,n/a,n/a,n/a,n/a,n/a,n/a,n/a,n/a,unattributed,high,poor,phone gallery screenshot of Mayflower reverse sail closeup; not assessable
photos/2025-04-10_phantom-larose-007_wide-231851.jpg,study,obverse,unknown,uncertain,uncertain,uncertain,n/a,n/a,n/a,uncertain,absent,absent,absent,uncertain,uncertain,uncertain,unattributed,low,fair,obverse hand and wrist closeup; possible dot at wrist junction but may be glint; EC initials visible
photos/2025-04-10_phantom-larose-008_wide-231848.jpg,study,obverse,unknown,uncertain,uncertain,uncertain,n/a,n/a,n/a,uncertain,absent,absent,absent,uncertain,uncertain,uncertain,unattributed,low,fair,obverse arm closeup; hand out of frame; wavy ridge along arm ambiguous drapery vs die line
photos/2025-04-10_phantom-larose-009_wide-141509.jpg,study,obverse,unknown,uncertain,uncertain,uncertain,n/a,n/a,n/a,uncertain,absent,absent,absent,uncertain,uncertain,uncertain,unattributed,low,fair,obverse hand and arm closeup; small dot near wrist junction; wavy line on arm ambiguous
photos/2025-04-10_phantom-larose-010_wide-141456.jpg,study,obverse,unknown,uncertain,uncertain,uncertain,n/a,n/a,n/a,uncertain,absent,absent,absent,uncertain,uncertain,uncertain,unattributed,low,fair,obverse hand closeup; same region as 009; dot and wavy arm line ambiguous
photos/2026-04-29_phantom-larose-013_reverse-sail-closeup.jpg,study,reverse,unknown,n/a,n/a,n/a,none,uncertain,uncertain,n/a,absent,absent,absent,uncertain,uncertain,uncertain,unattributed,low,poor,reverse sail and rigging closeup in shadow; mast front not clearly visible; nothing phantom-like seen
photos/2026-05-04_phantom-larose-014_reverse-crack-closeup.jpg,study,reverse,unknown,n/a,n/a,n/a,none,uncertain,uncertain,n/a,absent,absent,absent,uncertain,uncertain,uncertain,unattributed,low,fair,reverse field closeup near rim; wavy raised texture; die crack vs flow lines vs PMD ambiguous
photos/2026-05-06_takeout-026_multi-coin-group-shot.jpg,study,non_coin,unknown,n/a,n/a,n/a,n/a,n/a,n/a,n/a,n/a,n/a,n/a,n/a,n/a,n/a,unattributed,high,fair,multi-coin group shot; about 7 Mayflower reverses in tray; no single coin assessable
photos/2026-05-13_takeout-027_macro-bow-d-mintmark.jpg,study,reverse,D,n/a,n/a,n/a,none,uncertain,n/a,n/a,absent,absent,absent,absent,absent,uncertain,unattributed,medium,good,macro of bow area; D mintmark visible; no bird-like phantom at mast front
photos/2026-07-08_phantom-larose-016_microscope-crack-arrows.jpg,study,reverse,unknown,n/a,n/a,n/a,none,uncertain,n/a,n/a,absent,absent,absent,absent,present,uncertain,unattributed,low,fair,red arrows annotate fine cracks along bow/rigging lines; microscope closeup
photos/2026-09-04_takeout-017_microscope-screen-blurry.jpg,study,non_coin,unknown,n/a,n/a,n/a,n/a,n/a,n/a,n/a,n/a,n/a,n/a,n/a,n/a,n/a,unattributed,low,poor,blurry photo of microscope screen; no coin side assessable
photos/2026-09-06_takeout-018_d-reverse-dark-bg.jpg,study,non_coin,unknown,n/a,n/a,n/a,n/a,n/a,n/a,n/a,n/a,n/a,n/a,n/a,n/a,n/a,unattributed,medium,fair,album page group shot with multiple Mayflower reverses; single side not assessable
photos/2026-09-07_takeout-019_d-reverse-dark-bg.jpg,study,reverse,D,n/a,n/a,n/a,none,uncertain,uncertain,n/a,absent,absent,absent,absent,absent,uncertain,unattributed,medium,fair,single D-mint reverse on dark background; mast area small but no phantom visible
photos/2026-09-07_takeout-020_d-reverse-purple-light.jpg,study,non_coin,unknown,n/a,n/a,n/a,n/a,n/a,n/a,n/a,n/a,n/a,n/a,n/a,n/a,n/a,unattributed,medium,fair,group shot of eight Mayflower reverses; single side not assessable
photos/2026-09-08_takeout-021_monitor-closeup-25c-area.jpg,study,non_coin,unknown,n/a,n/a,n/a,n/a,n/a,n/a,n/a,n/a,n/a,n/a,n/a,n/a,n/a,unattributed,low,fair,photo of monitor showing coin closeup; glare and screen pixels
photos/2026-09-09_takeout-028_d-reverse-purple-light.jpg,study,reverse,D,n/a,n/a,n/a,none,uncertain,uncertain,n/a,absent,absent,absent,absent,absent,uncertain,unattributed,medium,good,D mintmark visible at right; no bird-like phantom at mast front
photos/2026-09-09_takeout-029_d-reverse-purple-light.jpg,study,reverse,D,n/a,n/a,n/a,none,uncertain,uncertain,n/a,absent,absent,absent,absent,absent,uncertain,unattributed,medium,fair,D-mint reverse with heavy glare on sails; mast front shows no phantom
photos/2026-09-11_takeout-022_d-reverse-maroon-fabric.jpg,study,non_coin,unknown,n/a,n/a,n/a,n/a,n/a,n/a,n/a,n/a,n/a,n/a,n/a,n/a,n/a,unattributed,low,fair,microscope screen closeup of 25c area only; single side not fully assessable
photos/2026-09-12_takeout-023_d-reverse-maroon-fabric.jpg,study,reverse,D,n/a,n/a,n/a,none,uncertain,uncertain,n/a,absent,absent,absent,absent,absent,uncertain,unattributed,medium,fair,D mintmark near bow; no phantom at mast front; slight motion blur
photos/2026-09-12_takeout-024_d-reverse-purple-light.jpg,study,reverse,D,n/a,n/a,n/a,none,uncertain,uncertain,n/a,absent,absent,absent,absent,absent,uncertain,unattributed,medium,good,D-mint reverse; clean strike; no bird-like phantom at mast front
photos/2026-09-13_phantom-larose-001_hand-closeup-arrows.jpg,study,obverse,P,present,uncertain,uncertain,n/a,n/a,n/a,uncertain,absent,absent,absent,absent,absent,uncertain,unattributed,low,fair,red arrows annotate hand/wrist; small raised dot visible at finger/wrist junction
photos/2026-09-13_phantom-larose-002_die-chip-arrows.jpg,study,obverse,unknown,present,uncertain,uncertain,n/a,n/a,n/a,uncertain,absent,absent,absent,absent,absent,uncertain,unattributed,low,fair,red arrows annotate die chip at wrist junction; chip visible under annotation
photos/2026-09-13_phantom-larose-003_hand-detail-multi-arrows.jpg,study,obverse,unknown,present,present,present,n/a,n/a,n/a,uncertain,absent,absent,absent,absent,absent,uncertain,unattributed,low,fair,heavy red annotation; dots at wrist and mid-arm plus wavy ridge on arm visible
photos/2026-09-13_phantom-larose-004_die1-markers-reference.jpg,study,non_coin,unknown,n/a,n/a,n/a,n/a,n/a,n/a,n/a,n/a,n/a,n/a,n/a,n/a,n/a,unattributed,low,fair,phone screenshot reference with text overlay listing Die-1 markers; heavy annotation
photos/2026-09-13_phantom-larose-005_doubling-red-lines.jpg,study,obverse,unknown,present,uncertain,uncertain,n/a,n/a,n/a,uncertain,absent,absent,absent,absent,absent,uncertain,unattributed,low,fair,red lines drawn over hand/drapery; small chip visible at wrist junction
photos/2026-09-13_phantom-larose-006_closeup-dots.jpg,study,obverse,unknown,present,uncertain,present,n/a,n/a,n/a,uncertain,absent,absent,absent,absent,absent,uncertain,unattributed,medium,good,unannotated hand closeup; raised dots at wrist junction and mid-arm clearly visible
photos/2026-09-14_takeout-025_d-reverse-coin-holder.jpg,study,reverse,D,n/a,n/a,n/a,none,uncertain,uncertain,n/a,absent,absent,absent,absent,absent,uncertain,unattributed,medium,good,D-mint reverse seated in coin holder; mast front shows no phantom
photos/2026-09-16_phantom-larose-011_reverse-united-arrows.jpg,study,reverse,unknown,n/a,n/a,n/a,n/a,n/a,n/a,n/a,absent,absent,absent,absent,absent,uncertain,unattributed,low,fair,red arrows annotate UNITED legend/rim area; mast not in frame
photos/2026-09-16_phantom-larose-012_reverse-full-golden.jpg,study,reverse,unknown,n/a,n/a,n/a,none,uncertain,uncertain,n/a,absent,absent,absent,absent,absent,uncertain,unattributed,medium,good,golden-toned full reverse; mintmark not clearly visible; no phantom at mast front
photos/2026-09-16_phantom-larose-015_reverse-d-mint.jpg,study,reverse,D,n/a,n/a,n/a,none,uncertain,uncertain,n/a,absent,absent,absent,absent,absent,uncertain,unattributed,medium,good,D mintmark clear near bow; mast front shows no bird-like phantom; colored reflection on hull ignored
photos/2026-09-16_threads-001_death-of-a-die-carousel-cover.jpg,study,non_coin,unknown,n/a,n/a,n/a,n/a,n/a,n/a,n/a,n/a,n/a,n/a,n/a,n/a,n/a,unattributed,medium,fair,threads carousel cover screenshot with text post and pilgrim face closeups
photos/2026-09-16_threads-002_phantom-error-carousel-cover.jpg,study,reverse,unknown,n/a,n/a,n/a,uncertain,uncertain,uncertain,n/a,absent,absent,absent,absent,absent,uncertain,unattributed,low,fair,reverse bowsprit/rigging closeup; small dot near UNITED legend; mast front ambiguous
photos/takeout-032_20260903_042945.jpg,study,reverse,D,n/a,n/a,n/a,none,uncertain,uncertain,n/a,absent,absent,absent,absent,absent,uncertain,unattributed,medium,good,D-mint reverse; purple light; no phantom at mast front
photos/takeout-033_20260904_150258.jpg,study,non_coin,unknown,n/a,n/a,n/a,n/a,n/a,n/a,n/a,n/a,n/a,n/a,n/a,n/a,n/a,unattributed,low,poor,blurry microscope screen photo; duplicates takeout-017; no coin side assessable
photos/takeout-034_20260906_043732.jpg,study,non_coin,unknown,n/a,n/a,n/a,n/a,n/a,n/a,n/a,n/a,n/a,n/a,n/a,n/a,n/a,unattributed,medium,fair,album page group shot; duplicates takeout-018; single side not assessable
photos/takeout-035_20260907_132644.jpg,study,reverse,D,n/a,n/a,n/a,none,uncertain,uncertain,n/a,absent,absent,absent,absent,absent,uncertain,unattributed,medium,fair,single D-mint reverse on dark background; duplicates takeout-019; no phantom at mast
photos/takeout-036_20260907_151603.jpg,study,reverse,D,n/a,n/a,n/a,none,uncertain,uncertain,n/a,absent,absent,absent,absent,absent,uncertain,unattributed,medium,good,D-mint reverse; purple light; no bird-like phantom at mast front
photos/takeout-037_20260908_165738.jpg,study,reverse,D,n/a,n/a,n/a,none,uncertain,uncertain,n/a,absent,absent,absent,absent,absent,uncertain,unattributed,medium,fair,D-mint reverse; mast front shows no phantom
photos/takeout-038_20260908_165954.jpg,study,reverse,D,n/a,n/a,n/a,none,uncertain,uncertain,n/a,absent,absent,absent,absent,absent,uncertain,unattributed,medium,good,D-mint reverse; purple light; mast front shows no bird-like phantom
photos/takeout-039_20260912_190331.jpg,study,reverse,D,n/a,n/a,n/a,none,uncertain,uncertain,n/a,absent,absent,absent,absent,absent,uncertain,unattributed,medium,fair,D-mint reverse on dark fabric; no phantom at mast front
photos/takeout-040_20260912_193330.jpg,study,reverse,D,n/a,n/a,n/a,none,uncertain,uncertain,n/a,absent,absent,absent,absent,absent,uncertain,unattributed,medium,fair,D-mint reverse in plastic flip labeled DIE 1; no phantom at mast front
photos/takeout-041_20260912_193543.jpg,study,reverse,D,n/a,n/a,n/a,none,uncertain,uncertain,n/a,absent,absent,absent,absent,absent,uncertain,unattributed,medium,good,D-mint reverse; purple light; no phantom at mast front
photos/takeout-042_20260913_140223.jpg,study,reverse,D,n/a,n/a,n/a,uncertain,uncertain,uncertain,n/a,absent,absent,absent,absent,absent,uncertain,unattributed,low,fair,partial reverse in holder; mast front region cropped; phantom status unclear
photos/takeout-043_img_20260909_165728762.jpg,study,reverse,D,n/a,n/a,n/a,none,uncertain,uncertain,n/a,absent,absent,absent,absent,absent,uncertain,unattributed,medium,good,D-mint reverse; purple light; no phantom at mast front
photos/takeout-044_img_20260909_165903946.jpg,study,reverse,D,n/a,n/a,n/a,none,uncertain,uncertain,n/a,absent,absent,absent,absent,absent,uncertain,unattributed,medium,good,D-mint reverse; no bird-like phantom at mast front
photos/takeout-045_img_0116.jpg,study,reverse,unknown,n/a,n/a,n/a,n/a,n/a,n/a,n/a,absent,absent,absent,absent,absent,uncertain,unattributed,low,fair,reverse bow/hull closeup; mast region out of frame; no features assessable there
